"asociado_id","cantidad_entrega","anios_asociacion"
"20","42.21","13"
"37","3.11","18"
"48","5.27","17"
"77","3.09","17"
"78","12.79","17"
"80","117.7","17"
"81","19.17","17"
"95","36.03","17"
"105","19.83","17"
"107","3.06","17"
"141","19.98","14"
"144","13.29","19"
"150","30.67","16"
"153","11.92","15"
"155","12.56","15"
"157","41.84","17"
"158","145.48","18"
"166","10.66","15"
"175","13.74","14"
"185","27.07","14"
"188","1.1","14"
"207","25.97","14"
"419","29.49","14"
"462","17.29","14"
"470","82.91","14"
"487","78.32","14"
"497","23.84","14"
"512","10.27","14"
"522","2.76","14"
"532","2.48","15"
"561","53.79","15"
"596","20.23","14"
"606","25.54","14"
"648","5.93","3"
"1260","13.37","15"
"1268","18.64","15"
"1320","154.01","13"
"1332","4.12","15"
"1334","109.97","15"
"1342","127.15","15"
"1381","90.61","15"
"1384","159.7","15"
"1408","15.75","15"
"1418","25.44","15"
"1420","13.28","15"
"1436","0.93","15"
"1477","1.3","15"
"1483","24.33","15"
"1502","17.29","13"
"1729","11.49","13"
"1731","8.64","8"
"1735","164.01","13"
"1744","136.33","13"
"1769","168.41","13"
"1770","13.52","13"
"1776","67.61","13"
"1832","52.23","13"
"1841","17.14","13"
"1858","95.28","13"
"1863","17.25","13"
"1910","3.06","13"
"1929","36.42","13"
"2056","18.78","13"
"2065","11.72","13"
"2076","82.7","13"
"2092","3.81","13"
"2130","17.38","12"
"2139","5.62","12"
"2221","154.86","12"
"2225","16.53","10"
"2261","9.94","12"
"2295","73.83","11"
"2296","28.34","11"
"2306","88.92","11"
"2321","8.16","12"
"2324","16.84","12"
"2418","8.76","11"
"2445","28.69","11"
"2475","51.5","3"
"2494","261.19","11"
"2566","49.62","12"
"2589","110.49","0"
"2606","32.17","10"
"2652","60.67","12"
"2654","93.49","12"
"2662","35","12"
"2664","253.86","12"
"2669","21.76","12"
"2674","109.2","12"
"2676","15.98","12"
"2679","100.88","12"
"2701","57.1","12"
"2797","129.37","10"
"2807","69.09","10"
"2811","55.78","10"
"2816","7.83","10"
"2832","314.94","10"
"2834","138.2","10"
"2836","24.58","10"
"2842","102.88","10"
"2906","346.13","10"
"2947","241.44","20"
"2948","84.49","20"
"2966","156.5","19"
"2967","228.58","13"
"3025","68.59","13"
"3032","246.44","13"
"3060","102.27","18"
"3104","90.17","15"
"3108","18.34","15"
"3109","51.35","15"
"3127","6.07","15"
"3140","4","15"
"3153","32.53","14"
"3162","21.92","13"
"3170","6.43","12"
"3195","46.44","12"
"3206","55.01","12"
"3246","505.13","12"
"3247","191.53","12"
"3254","86.31","12"
"3259","0.96","12"
"3262","236.02","12"
"3298","34.47","11"
"3314","1.5","11"
"3327","33.42","12"
"3328","14.22","12"
"3352","64.75","11"
"3353","30.61","11"
"3354","195.86","11"
"3356","30.48","11"
"3361","321.27","10"
"3364","5.61","10"
"3369","20.03","10"
"3374","29.34","10"
"3376","52.23","10"
"3379","336.6","10"
"3380","139.83","8"
"3381","102.4","10"
"3383","144.82","10"
"3386","36.18","11"
"3410","2.69","10"
"3418","286.28","10"
"3424","129.88","10"
"3427","55.89","10"
"3438","52.44","8"
"3447","106.51","10"
"3479","204.17","9"
"3480","3.32","19"
"3491","8416.32","9"
"3502","126.04","9"
"3513","283.08","9"
"3515","5.01","9"
"3518","395.75","9"
"3529","11.38","9"
"3531","224.48","9"
"3532","45.89","9"
"3536","24.09","9"
"3549","31","9"
"3564","9.37","9"
"3565","52.24","9"
"3581","163.81","9"
"3590","190.52","9"
"3593","85.35","9"
"3595","11.4","9"
"3596","89.91","9"
"3600","27.02","9"
"3601","6.13","9"
"3602","54.58","9"
"3609","2.96","9"
"3611","19.09","9"
"3626","15.2","9"
"3627","405.45","9"
"3633","13.49","9"
"3643","20.4","9"
"3644","93.45","9"
"3659","16.31","3"
"3660","2.1","9"
"3664","6.61","9"
"3667","18.52","9"
"3669","50.9","9"
"3672","53.43","9"
"3692","81.75","9"
"3718","1742.54","9"
"3730","101.31","9"
"3738","11","9"
"3749","217.94","9"
"3750","95.66","9"
"3754","30.07","9"
"3755","413.64","8"
"3768","103.63","8"
"3783","42.12","8"
"3792","59.91","8"
"3793","2828.86","8"
"3794","154.3","9"
"3795","22.99","8"
"3796","21.4","8"
"3797","38.12","8"
"3800","4.78","8"
"3801","46.41","8"
"3807","4.86","8"
"3823","3.95","8"
"3824","38.78","8"
"3826","61.43","8"
"3839","45.82","8"
"3840","7.53","8"
"3841","9.36","8"
"3842","23.99","8"
"3843","144.96","8"
"3845","235.13","8"
"3847","456.91","8"
"3852","400.45","8"
"3873","97.09","8"
"3875","111.99","8"
"3876","47.62","8"
"3880","68.08","8"
"3882","76.47","8"
"3884","78.83","8"
"3900","13.53","8"
"3907","50.51","8"
"3916","84.49","8"
"3924","12.78","8"
"3935","11.41","8"
"3949","26.52","8"
"3950","36.92","8"
"3951","94.49","8"
"3954","16.39","8"
"3958","17.82","8"
"3960","179.99","8"
"3962","34.45","8"
"3969","29.69","8"
"3981","16.74","8"
"3983","28.76","8"
"4025","5.74","8"
"4028","33.83","8"
"4049","266.18","8"
"4053","31.38","8"
"4055","135.85","8"
"4056","78.81","8"
"4063","14.28","8"
"4066","182.44","8"
"4078","132.85","8"
"4080","35.37","8"
"4081","83.07","8"
"4082","6.33","8"
"4083","63.65","8"
"4084","132.71","8"
"4085","88.58","8"
"4086","83.97","8"
"4089","4.79","8"
"4100","32.38","8"
"4103","353.65","8"
"4115","107.45","8"
"4118","67.55","8"
"4125","167.75","8"
"4139","107.24","8"
"4142","10.11","8"
"4157","178.49","8"
"4171","6.18","8"
"4173","111.71","7"
"4205","188.69","7"
"4209","79.82","7"
"4241","26.27","7"
"4251","21.39","7"
"4253","28.6","7"
"4292","0.9","7"
"4293","33.89","7"
"4305","58.4","7"
"4306","49.34","7"
"4313","165.89","7"
"4315","46.36","7"
"4338","35.11","7"
"4341","33.2","7"
"4346","99.8","7"
"4353","49.44","7"
"4369","96.25","7"
"4371","161.13","7"
"4372","41.92","7"
"4383","14.22","7"
"4398","28.49","7"
"4399","186.84","7"
"4402","90.69","7"
"4405","27.35","7"
"4423","11.26","7"
"4426","168.08","7"
"4428","156.12","7"
"4430","38.65","7"
"4434","3.65","7"
"4435","83.04","7"
"4437","66.51","7"
"4438","25.97","7"
"4443","20.66","7"
"4452","164.06","7"
"4460","100.35","7"
"4466","9.23","7"
"4473","78.37","7"
"4476","3.17","7"
"4477","2.65","7"
"4481","63.97","7"
"4485","18.33","7"
"4493","50.39","7"
"4500","13.35","7"
"4502","34.56","7"
"4503","19.45","7"
"4508","62.22","7"
"4515","7.61","7"
"4519","27.88","7"
"4530","79.4","7"
"4532","36.11","7"
"4542","7.81","7"
"4559","3.57","7"
"4564","15.11","7"
"4571","23.09","7"
"4572","57.43","3"
"4576","36.74","7"
"4577","7.47","7"
"4582","1257.39","7"
"4601","12.68","7"
"4602","17.61","7"
"4604","76.23","7"
"4608","7.5","7"
"4609","5.66","7"
"4612","59.34","7"
"4618","7.47","7"
"4619","41.32","7"
"4620","25.88","7"
"4621","53.81","7"
"4622","13.75","7"
"4636","68.92","7"
"4645","148.51","7"
"4652","128.71","7"
"4658","39.63","7"
"4660","133.86","7"
"4661","15.54","7"
"4671","6.97","7"
"4674","47.05","7"
"4677","54.36","7"
"4678","189.16","7"
"4679","98.83","7"
"4691","71.46","7"
"4705","28.78","7"
"4709","113.66","7"
"4710","17.76","7"
"4712","434.61","7"
"4720","10.41","7"
"4731","49.69","7"
"4733","15.98","7"
"4735","5.35","7"
"4738","123.39","7"
"4740","15.94","7"
"4743","97.64","7"
"4756","31.27","7"
"4764","59.85","7"
"4765","34.45","7"
"4782","18.99","7"
"4783","26.11","7"
"4784","29.81","7"
"4788","28.82","7"
"4792","8.84","7"
"4797","124.75","7"
"4805","18.01","7"
"4812","28.85","7"
"4816","9.65","7"
"4821","5.25","7"
"4822","55.86","7"
"4837","59.03","7"
"4844","955.52","7"
"4845","27.65","7"
"4849","443.41","7"
"4851","98.5","7"
"4852","79.02","7"
"4856","18.33","7"
"4864","46.9","7"
"4877","5.22","7"
"4880","30.08","7"
"4881","125.56","7"
"4882","3.91","7"
"4884","405.16","7"
"4891","4.02","7"
"4895","2.41","7"
"4904","7.78","7"
"4909","59.4","7"
"4914","7.26","7"
"4916","60.3","7"
"4920","19.37","7"
"4940","27.39","7"
"4943","727.58","10"
"4946","164.46","7"
"4955","144.63","7"
"4959","18.98","7"
"4973","11.43","7"
"4977","3.3","7"
"4978","115.88","7"
"4989","1.61","7"
"4991","13.33","7"
"4993","33.24","7"
"4996","12.09","7"
"5005","20.03","7"
"5008","22.56","7"
"5017","10.12","7"
"5028","51.09","7"
"5032","47.87","7"
"5033","129.35","7"
"5050","47.21","7"
"5053","60.5","7"
"5057","21.72","7"
"5063","25.45","7"
"5071","188.46","7"
"5074","44.01","7"
"5078","11.54","7"
"5079","103.07","7"
"5094","9.09","7"
"5095","1.96","7"
"5103","5.55","7"
"5111","165.78","7"
"5112","13.33","7"
"5115","95.19","7"
"5124","23.8","7"
"5137","38.8","7"
"5141","35.51","7"
"5144","2.06","7"
"5145","31.8","7"
"5146","0.95","7"
"5160","26.4","7"
"5161","85.5","7"
"5162","137.96","7"
"5171","2.01","0"
"5176","15.82","7"
"5177","12.88","7"
"5212","993.4","7"
"5221","56.17","7"
"5223","69.02","7"
"5261","8.71","7"
"5262","18.6","7"
"5286","55.24","0"
"5287","2.99","0"
"5296","8.94","0"
"5302","14.95","7"
"5303","50.36","7"
"5305","85.21","7"
"5307","21.86","3"
"5309","0.14","0"
"5312","15.52","7"
"5313","11.16","7"
"5324","2.59","7"
"5384","7.07","7"
"5416","25.11","6"
"5422","65.97","6"
"5427","43.97","1"
"5437","49.18","6"
"5464","6.82","6"
"5514","68.9","6"
"5518","7.12","2"
"5521","6.64","6"
"5547","52.89","1"
"5548","221.32","6"
"5576","213.15","6"
"5581","28.79","6"
"5602","8.11","6"
"5610","8.64","0"
"5612","6.49","5"
"5621","16.7","0"
"5623","39.18","6"
"5627","3.48","6"
"5636","19.58","0"
"5668","6.31","4"
"5694","180.91","6"
"5695","77.16","6"
"5746","31.18","6"
"5752","60.15","6"
"5755","21.48","6"
"5759","1.65","6"
"5766","10.17","6"
"5779","16.35","0"
"5791","6.21","6"
"5796","51.56","0"
"5804","4.61","0"
"5819","55.64","6"
"5827","4.44","6"
"5835","2","0"
"5840","26.72","6"
"5841","94.58","6"
"5844","509.73","3"
"5846","64.3","6"
"5848","15.9","6"
"5855","51.89","6"
"5877","46.65","6"
"5890","112.94","6"
"5891","81.34","6"
"5892","173.82","6"
"5894","46.83","6"
"5896","11.85","6"
"5899","3.1","6"
"5905","19.89","6"
"5907","51.51","6"
"5911","30.69","6"
"5914","29.52","6"
"5915","87.86","6"
"5917","8","6"
"5918","143.15","6"
"5923","27.35","6"
"5928","1.83","6"
"5930","56.81","6"
"5931","14.97","6"
"5933","102.69","6"
"5936","122.96","6"
"5937","2.33","6"
"5944","17.04","6"
"5953","56.66","6"
"5957","66.01","6"
"5958","95.46","6"
"5960","294.72","6"
"5968","6.71","6"
"5969","18.69","6"
"5971","25","6"
"5993","3.02","6"
"5995","10.93","6"
"5998","20.02","6"
"6000","45.66","6"
"6001","28.4","6"
"6003","94.08","6"
"6005","31.17","6"
"6007","29.98","6"
"6008","8.47","6"
"6012","83.9","6"
"6013","17.89","6"
"6015","51.94","6"
"6018","9.87","6"
"6027","5.03","6"
"6035","13.55","6"
"6036","38.76","6"
"6037","205.71","6"
"6038","11.4","6"
"6048","5.26","6"
"6050","1.32","6"
"6052","27.55","6"
"6056","20.44","6"
"6058","0.5","6"
"6060","7.92","6"
"6063","28.35","6"
"6070","54.42","6"
"6071","30.41","6"
"6072","37.73","6"
"6076","133.29","6"
"6080","49.99","6"
"6081","40.23","6"
"6082","6.05","6"
"6083","10.88","6"
"6085","35.44","6"
"6088","5.03","6"
"6091","5.9","6"
"6092","22.55","6"
"6093","11.23","6"
"6094","11.2","6"
"6104","176.93","6"
"6105","5.96","6"
"6107","21.73","6"
"6108","1.57","6"
"6112","2.35","6"
"6117","5.36","6"
"6118","19.11","6"
"6121","27.48","6"
"6124","15.3","6"
"6130","7.4","6"
"6136","59.72","6"
"6137","61.83","6"
"6138","44.04","6"
"6140","111.27","6"
"6145","6.28","6"
"6150","78.83","6"
"6151","7.88","6"
"6153","5.04","6"
"6154","7.36","6"
"6162","16.58","6"
"6169","23.43","6"
"6170","17","6"
"6180","23.02","6"
"6183","23.58","6"
"6184","23.13","6"
"6188","25.65","6"
"6189","101.42","6"
"6191","20.31","6"
"6192","44.82","6"
"6197","105.31","6"
"6202","6.49","6"
"6207","4.42","6"
"6209","15.13","6"
"6210","74.32","6"
"6217","137.03","6"
"6225","4.98","6"
"6227","25.31","6"
"6241","5.56","6"
"6243","20.32","6"
"6244","93.2","6"
"6251","18.09","6"
"6255","4.53","6"
"6256","12.05","6"
"6259","747.74","6"
"6260","3.04","6"
"6262","35.1","6"
"6263","70.91","6"
"6275","539.82","6"
"6278","12.85","6"
"6287","58.09","6"
"6293","112.06","6"
"6303","73.46","6"
"6305","111.91","6"
"6307","21.61","6"
"6309","28.44","6"
"6310","47.63","6"
"6327","48.8","6"
"6328","82.03","6"
"6332","42.57","6"
"6333","19.15","6"
"6334","32.48","6"
"6337","33.08","6"
"6343","2.24","6"
"6344","115.35","6"
"6346","3.93","6"
"6350","9.18","6"
"6353","13.78","6"
"6355","30.34","6"
"6364","108.12","6"
"6373","310.79","6"
"6378","34.95","6"
"6389","46.11","6"
"6390","15.21","6"
"6392","72.45","6"
"6395","19","6"
"6423","12.51","6"
"6425","86.41","6"
"6427","29.05","6"
"6436","107.72","6"
"6449","99.84","6"
"6454","8.08","6"
"6457","8.88","6"
"6458","71.33","6"
"6466","213.82","6"
"6467","57.74","6"
"6471","18.55","6"
"6472","47.19","6"
"6478","85.82","6"
"6483","14.62","6"
"6502","20.08","6"
"6503","1.31","6"
"6504","25.13","6"
"6511","130.94","6"
"6514","19.38","6"
"6515","19.77","5"
"6520","58.4","6"
"6525","160.87","6"
"6527","286.67","6"
"6528","139.59","6"
"6537","1.21","6"
"6546","86.11","6"
"6547","37.31","6"
"6560","0.94","6"
"6570","58.07","6"
"6578","22.17","6"
"6591","18.47","6"
"6592","244.77","6"
"6593","59.13","6"
"6604","90.41","6"
"6608","9.75","6"
"6618","62.13","6"
"6627","218.1","6"
"6630","37.43","6"
"6634","61.12","6"
"6635","34.07","6"
"6650","18.51","6"
"6651","98.77","6"
"6652","119.34","6"
"6654","34.74","6"
"6658","14.49","6"
"6660","89.68","6"
"6662","23.06","6"
"6671","48.59","6"
"6677","9.76","6"
"6679","103.59","6"
"6680","26.21","6"
"6681","2.34","6"
"6699","35.58","6"
"6700","369.95","6"
"6703","366.67","6"
"6704","36.57","6"
"6706","15.87","6"
"6712","72.6","6"
"6718","194.18","6"
"6720","16.45","6"
"6721","71.9","6"
"6722","96.53","6"
"6734","38.44","6"
"6749","89.17","6"
"6750","39.35","6"
"6751","15.8","6"
"6753","118.64","6"
"6754","41.84","6"
"6756","31.79","6"
"6763","90.72","6"
"6782","126.64","6"
"6784","3.33","6"
"6785","23.18","6"
"6805","54.18","6"
"6811","15.14","6"
"6812","7","6"
"6816","72.3","6"
"6818","342.05","6"
"6821","76.42","6"
"6823","63.9","6"
"6827","17.98","6"
"6861","98.8","6"
"6862","240.67","6"
"6863","10.84","6"
"6864","167.45","6"
"6868","93.86","6"
"6893","14.58","6"
"6895","51.31","6"
"6897","26.37","6"
"6898","20.82","6"
"6907","64.6","6"
"6928","18.35","6"
"6956","31.71","6"
"6961","31.62","6"
"6962","28.59","6"
"6966","6.87","6"
"6970","10.94","6"
"6983","22.1","6"
"7001","5.47","6"
"7013","49.84","6"
"7028","94.11","6"
"7080","3.55","0"
"7096","300.07","6"
"7102","1.21","6"
"7106","23.96","6"
"7119","11.6","6"
"7126","124.54","6"
"7148","15.04","6"
"7178","46.32","6"
"7183","55.58","6"
"7184","5.52","6"
"7192","156.68","6"
"7218","6.8","0"
"7225","57.64","6"
"7237","115.45","5"
"7239","12.4","6"
"7241","54.01","6"
"7242","103.48","6"
"7243","13.75","6"
"7248","15.87","6"
"7274","12.6","6"
"7281","291.44","6"
"7297","29.28","6"
"7325","3.47","6"
"7329","20.01","6"
"7342","41.02","5"
"7362","37.59","6"
"7363","39.8","4"
"7406","64.38","5"
"7414","18.89","5"
"7416","4.64","5"
"7418","31.11","5"
"7424","11.87","6"
"7430","5.94","5"
"7454","10.23","5"
"7476","48.95","5"
"7481","403.99","5"
"7512","2.93","5"
"7520","105.47","5"
"7521","30.66","5"
"7538","52.46","5"
"7560","61.68","5"
"7563","31.02","5"
"7571","77.49","2"
"7575","1.49","5"
"7584","59.59","5"
"7586","313.13","5"
"7595","38.21","1"
"7599","29.38","5"
"7608","12.96","5"
"7611","24.67","5"
"7612","21.11","5"
"7618","21.99","5"
"7639","14.62","5"
"7642","89.48","5"
"7643","77.66","5"
"7644","90.16","5"
"7646","41.78","5"
"7648","8.4","5"
"7658","73.49","5"
"7661","22.3","5"
"7675","38.3","5"
"7684","42.37","5"
"7687","18.93","5"
"7688","18.23","5"
"7690","10.37","5"
"7693","8.72","5"
"7705","32.46","5"
"7706","75.74","5"
"7720","18.71","5"
"7736","30.96","5"
"7738","9.88","5"
"7740","7.24","5"
"7759","52.78","5"
"7765","72.61","5"
"7766","18.49","5"
"7773","112.21","5"
"7779","59.29","5"
"7780","128.6","5"
"7786","11.47","5"
"7790","22.16","5"
"7802","15.41","5"
"7825","34.19","5"
"7829","33.02","5"
"7833","1.72","5"
"7842","114.97","5"
"7845","11.53","5"
"7848","25.76","5"
"7852","18.69","5"
"7860","7.48","5"
"7886","622.36","5"
"7887","21.93","5"
"7890","32.51","5"
"7891","11.07","5"
"7893","40","5"
"7896","49.55","5"
"7898","26.92","5"
"7904","188.17","5"
"7915","42.63","5"
"7934","6.04","3"
"7942","3.31","5"
"7959","16.69","5"
"7960","0.65","5"
"7966","19.38","5"
"7967","13.92","5"
"7968","17.1","5"
"7969","153.92","5"
"7983","41.54","5"
"7998","7.97","5"
"8009","95.26","5"
"8016","23.7","5"
"8017","20.72","5"
"8018","12.19","5"
"8021","83.27","5"
"8022","150.09","5"
"8025","6.7","5"
"8037","5.3","5"
"8052","5.49","5"
"8057","59.31","5"
"8062","7.72","5"
"8065","48.12","5"
"8093","14.8","5"
"8096","9.5","5"
"8102","4.23","5"
"8103","37.18","5"
"8112","12.1","5"
"8114","24.82","5"
"8151","16.01","5"
"8152","10.58","5"
"8155","4.54","5"
"8173","10.08","5"
"8223","69.68","5"
"8231","65.74","5"
"8239","12.66","5"
"8251","206.4","5"
"8266","6.8","5"
"8281","41.73","5"
"8282","35.74","5"
"8288","76.82","5"
"8291","15.14","5"
"8294","7.96","5"
"8297","1.68","5"
"8309","3.53","5"
"8312","21.13","5"
"8316","465.15","5"
"8320","37.01","5"
"8327","171.52","5"
"8350","999.49","5"
"8352","6.2","5"
"8353","43.41","5"
"8358","30.55","5"
"8359","7.6","5"
"8378","25.15","5"
"8393","84.1","5"
"8405","33.36","5"
"8419","46.11","5"
"8421","3.05","5"
"8424","13.32","5"
"8425","41.76","5"
"8427","32.92","5"
"8444","17.7","5"
"8455","9.42","5"
"8456","17.83","5"
"8462","3.12","5"
"8472","201.62","5"
"8473","78.51","5"
"8474","64.92","5"
"8488","20.6","5"
"8489","23.2","5"
"8499","32.14","5"
"8516","4.12","5"
"8519","14.09","5"
"8521","243.01","5"
"8523","80.75","5"
"8525","5.68","5"
"8527","0.98","5"
"8528","92.75","5"
"8538","24.91","5"
"8545","43.54","5"
"8551","16.41","5"
"8553","80.73","5"
"8558","15.01","5"
"8562","29.76","5"
"8573","1.98","5"
"8574","48.03","5"
"8575","35.77","5"
"8580","47.84","5"
"8581","25.57","5"
"8588","4.39","5"
"8591","5.47","5"
"8592","22.92","5"
"8597","13.2","5"
"8604","5.92","5"
"8606","11.63","5"
"8607","61.83","5"
"8618","7.86","5"
"8631","45.35","5"
"8656","222.07","5"
"8659","55.02","5"
"8663","16.77","5"
"8664","25.3","5"
"8666","64.61","5"
"8675","36.96","5"
"8680","23.28","5"
"8681","23.61","5"
"8682","25.88","5"
"8683","4.12","5"
"8685","1.54","5"
"8690","27.63","5"
"8696","44.15","5"
"8701","44.17","5"
"8707","110.56","5"
"8708","24.84","5"
"8712","43.04","5"
"8714","208.67","5"
"8721","50.23","5"
"8733","21.45","5"
"8750","54.92","5"
"8759","117.76","5"
"8762","4.48","5"
"8766","24.19","5"
"8780","61.55","5"
"8781","5.5","5"
"8792","15.15","5"
"8793","7.33","5"
"8798","1.29","5"
"8799","1.05","5"
"8804","5.73","5"
"8811","28.88","5"
"8822","2.91","5"
"8837","2.54","5"
"8848","95.42","5"
"8849","70.19","5"
"8855","7.96","5"
"8859","14.4","5"
"8867","34.72","5"
"8879","157.87","5"
"8881","42.71","5"
"8885","15.35","5"
"8887","5.3","5"
"8890","111.81","5"
"8923","48.72","5"
"8929","1.58","5"
"8936","53.97","5"
"8944","3.45","5"
"8955","20.21","5"
"8956","5.76","5"
"8960","20.05","5"
"8964","212.37","5"
"8966","95.7","5"
"8967","5.2","5"
"8971","121.4","5"
"8972","2.79","5"
"8975","58.99","5"
"8987","15.07","5"
"8990","24.61","5"
"8997","21.02","5"
"8998","73.88","5"
"9007","295.08","5"
"9023","24.8","5"
"9024","13.79","5"
"9029","319.95","5"
"9032","47.65","5"
"9044","2.92","3"
"9054","7.51","5"
"9061","9.07","5"
"9074","7.19","5"
"9093","162.75","5"
"9098","320.12","5"
"9099","4.79","5"
"9112","84.92","5"
"9120","31.92","5"
"9128","24.1","5"
"9133","2.12","5"
"9138","52.47","5"
"9140","66.55","5"
"9141","48.68","5"
"9161","9.04","5"
"9182","142.58","5"
"9186","6.16","5"
"9194","10.27","5"
"9195","554.8","5"
"9234","12.4","5"
"9236","85.07","5"
"9237","122.6","5"
"9241","139","5"
"9251","23.86","5"
"9258","48.62","5"
"9298","16.29","5"
"9303","10.53","5"
"9311","5.37","5"
"9340","8.25","5"
"9345","5.84","5"
"9357","20.83","5"
"9395","291.26","5"
"9397","12.91","5"
"9399","55.5","5"
"9408","8.94","5"
"9411","2.12","5"
"9415","60.51","5"
"9420","97.66","5"
"9421","8.25","5"
"9437","31.68","5"
"9452","9.67","5"
"9455","3.81","5"
"9464","8.71","5"
"9472","2.39","5"
"9486","2.45","5"
"9494","67.47","5"
"9500","108.53","5"
"9508","35.21","5"
"9514","23.06","5"
"9517","87.36","5"
"9525","8.78","5"
"9557","0.86","5"
"9559","4.33","5"
"9563","25.95","5"
"9569","19.62","5"
"9580","84.73","5"
"9581","3.81","5"
"9586","52.94","5"
"9596","17.64","4"
"9604","11.95","0"
"9621","16.55","5"
"9623","30.29","5"
"9626","150.69","5"
"9646","16.4","5"
"9647","8.17","5"
"9649","47.42","5"
"9650","8.56","5"
"9652","3.96","5"
"9653","82.18","5"
"9675","27.12","5"
"9685","14.81","5"
"9694","21.76","5"
"9695","49.02","5"
"9699","3.71","5"
"9739","11.44","5"
"9744","26.32","5"
"9759","24.85","5"
"9774","121.81","5"
"9788","57.6","5"
"9793","14.59","5"
"9822","8.07","5"
"9829","6.71","5"
"9842","93.96","5"
"9847","76.88","5"
"9854","9.86","5"
"9855","39.77","1"
"9858","7.9","5"
"9861","14.6","5"
"9886","67.28","4"
"9898","17.78","5"
"9909","8.47","5"
"9912","35.85","5"
"9920","17.85","5"
"9934","107.33","5"
"9962","9.51","5"
"9989","1.62","5"
"9994","44.61","5"
"10007","11.39","5"
"10008","40.64","5"
"10015","80.21","5"
"10030","0.92","5"
"10041","44.53","5"
"10047","66.19","5"
"10056","4.49","5"
"10060","1.22","5"
"10076","254.33","5"
"10081","16.02","2"
"10091","8.23","5"
"10104","68.49","5"
"10113","55.1","5"
"10114","114.27","5"
"10116","1.27","5"
"10120","23.3","5"
"10136","21.85","4"
"10137","109.02","4"
"10163","49.22","4"
"10167","19.87","4"
"10172","17.15","4"
"10177","43.84","4"
"10178","87.87","4"
"10195","15.11","4"
"10196","8.64","4"
"10209","7.16","4"
"10210","88.44","4"
"10214","118.46","4"
"10215","7.32","4"
"10219","67.69","4"
"10222","4.39","4"
"10226","70.21","4"
"10231","257.51","1"
"10234","27.57","4"
"10241","1.94","4"
"10243","116.75","4"
"10254","32.99","4"
"10263","139.32","5"
"10268","18.57","4"
"10281","7.21","4"
"10284","64.44","4"
"10285","45.67","4"
"10288","47.02","4"
"10303","19.19","4"
"10306","5.73","4"
"10307","20.79","4"
"10308","38.47","4"
"10321","40.6","4"
"10327","6.8","4"
"10334","23.55","4"
"10335","50.58","4"
"10345","11.28","4"
"10357","9.74","4"
"10360","11.03","4"
"10370","10.62","4"
"10371","17.3","4"
"10372","17.95","4"
"10375","42.9","4"
"10381","67.95","4"
"10384","7.93","4"
"10387","14.78","4"
"10393","9.73","4"
"10401","23.11","4"
"10405","36.44","4"
"10408","19.78","4"
"10409","3.78","4"
"10425","99.69","4"
"10431","91.12","4"
"10432","72.47","4"
"10433","4.71","4"
"10439","1.7","4"
"10440","9.84","4"
"10441","67.87","4"
"10442","25.56","4"
"10449","8.36","4"
"10451","54.47","4"
"10454","18.03","4"
"10477","14.27","4"
"10481","14.59","4"
"10485","110.33","4"
"10489","4.95","4"
"10492","15.17","4"
"10499","5.1","4"
"10501","40.16","4"
"10504","38.99","4"
"10518","303.67","4"
"10520","54.17","4"
"10523","28.13","4"
"10533","13.44","4"
"10534","1.77","4"
"10539","15.65","4"
"10543","33.92","4"
"10544","10.93","4"
"10547","12.59","4"
"10558","44.59","4"
"10563","281.37","4"
"10568","65.95","4"
"10572","157.11","4"
"10575","16.91","4"
"10577","17.12","4"
"10578","19.31","4"
"10595","46.77","4"
"10597","0.6","4"
"10598","51.1","4"
"10600","46.53","4"
"10604","12.94","4"
"10610","16.29","4"
"10614","17.78","4"
"10620","2.5","4"
"10625","17.97","4"
"10629","69.04","4"
"10631","125.65","4"
"10632","6.89","4"
"10635","34.68","4"
"10652","7.11","4"
"10667","15.71","4"
"10675","14.23","4"
"10680","5.98","4"
"10682","102.07","4"
"10685","19.36","4"
"10687","77.15","4"
"10692","24.8","4"
"10698","3.38","4"
"10700","31.06","4"
"10704","2.67","4"
"10708","260.09","4"
"10724","87.96","4"
"10727","17.72","4"
"10732","29.16","4"
"10758","7.62","4"
"10764","18.73","4"
"10774","3.38","4"
"10780","23.52","4"
"10792","26.33","4"
"10803","177.54","4"
"10810","16.89","4"
"10813","7.39","4"
"10814","66.69","4"
"10820","296.97","4"
"10821","47.38","4"
"10823","32.44","4"
"10824","735.58","4"
"10832","7.19","4"
"10833","4.33","4"
"10837","13.31","4"
"10842","162.98","4"
"10849","32.02","4"
"10851","17.01","4"
"10852","37.96","4"
"10853","7.9","4"
"10854","10.47","4"
"10861","12.48","4"
"10862","18.54","4"
"10876","28.82","4"
"10885","67.26","4"
"10896","19.37","4"
"10907","16.44","4"
"10920","6.88","4"
"10922","2.57","4"
"10935","4.84","4"
"10939","37.04","4"
"10951","23.88","4"
"10952","14.91","4"
"10954","0.94","4"
"10957","11.97","4"
"10958","16.06","4"
"10977","31.88","4"
"10978","72.35","4"
"10982","51.33","4"
"10983","173.99","4"
"10990","15.96","3"
"10992","3.47","4"
"10993","18.41","4"
"10998","5.76","4"
"10999","20.63","4"
"11002","30.53","4"
"11003","9.26","4"
"11007","41.72","4"
"11012","17.72","4"
"11013","11.11","4"
"11018","28.07","4"
"11032","46.85","4"
"11052","15.14","4"
"11056","101.57","4"
"11059","254.48","4"
"11066","11.87","4"
"11067","37.91","4"
"11068","1.92","4"
"11086","16.32","4"
"11101","20.38","4"
"11110","18.66","4"
"11125","139.97","4"
"11126","12.37","4"
"11135","117.9","4"
"11136","31.11","4"
"11139","1.04","4"
"11156","24.49","4"
"11167","7","4"
"11173","2.07","4"
"11174","211.62","4"
"11176","129.33","4"
"11183","37.14","4"
"11189","67.39","4"
"11190","99.14","4"
"11192","2.58","4"
"11194","3.67","4"
"11195","17.36","4"
"11196","60.89","4"
"11197","16.08","4"
"11200","16.22","4"
"11218","27.37","4"
"11219","158.52","4"
"11237","33.49","4"
"11238","6.51","4"
"11241","93.24","4"
"11247","24.2","4"
"11257","22.36","4"
"11271","26.21","4"
"11286","58.97","4"
"11313","3.3","4"
"11318","16.29","4"
"11324","53.06","4"
"11329","15.27","4"
"11334","1.89","4"
"11342","11.85","4"
"11351","45.12","4"
"11352","32.34","4"
"11358","4.07","4"
"11361","62.54","4"
"11362","31.62","4"
"11373","253.67","4"
"11375","57.7","4"
"11389","28.67","4"
"11392","9.58","4"
"11393","10.06","4"
"11398","166.71","4"
"11417","16.84","4"
"11418","14.14","4"
"11420","44.21","4"
"11426","29.02","4"
"11428","23.81","4"
"11429","32.95","4"
"11432","3.57","4"
"11436","15.12","4"
"11447","39.12","4"
"11454","4.56","4"
"11457","35.44","4"
"11458","5.6","4"
"11468","178.14","4"
"11470","53.19","4"
"11472","7.32","4"
"11475","52.04","4"
"11480","3.17","4"
"11492","86.28","4"
"11493","62.86","4"
"11494","22.31","4"
"11502","30.76","4"
"11504","17.58","4"
"11509","10.16","4"
"11513","8.05","4"
"11518","141.87","4"
"11519","4.06","4"
"11527","11.03","4"
"11528","6.05","4"
"11544","13.99","4"
"11547","25.63","4"
"11548","98.86","4"
"11555","30.04","4"
"11562","9.79","4"
"11563","11.88","4"
"11571","13.97","4"
"11573","22.5","4"
"11574","39.62","4"
"11579","3.04","4"
"11580","20.85","4"
"11597","9.82","4"
"11601","80.24","4"
"11602","15.93","4"
"11627","6.99","4"
"11628","16.61","4"
"11638","64.28","4"
"11642","92.74","4"
"11644","66.08","4"
"11647","137.29","4"
"11649","39.09","4"
"11650","30.93","4"
"11653","15.03","4"
"11658","2.37","4"
"11661","25.32","4"
"11662","19.53","4"
"11676","14.84","4"
"11680","12.34","4"
"11682","2.07","4"
"11688","6.45","4"
"11710","176.13","4"
"11711","101.31","4"
"11717","38.2","4"
"11723","5.22","4"
"11734","19.61","4"
"11735","9.33","4"
"11744","40.96","4"
"11756","14.11","4"
"11757","2.8","4"
"11759","873","4"
"11766","111.47","4"
"11774","8.95","4"
"11777","21.71","4"
"11779","61.86","4"
"11781","12.49","4"
"11786","14.84","4"
"11787","14.72","4"
"11788","26.29","4"
"11789","6.71","4"
"11797","19.43","4"
"11808","27.85","4"
"11810","6.69","4"
"11812","1.2","4"
"11831","0.54","4"
"11841","17.05","4"
"11845","21.03","4"
"11857","29.26","4"
"11858","15.33","4"
"11883","5.75","4"
"11897","315.98","4"
"11906","29.08","4"
"11907","113.17","4"
"11917","6.59","4"
"11938","41.02","4"
"11943","2.43","4"
"11950","8.2","4"
"11960","10.87","4"
"11964","9.69","4"
"11965","12.34","4"
"11969","35.68","4"
"11979","31.5","4"
"11983","89.6","4"
"11990","5.24","4"
"11993","34.64","4"
"12002","25.55","4"
"12012","142.88","4"
"12031","165.74","4"
"12036","1.44","4"
"12041","29.94","4"
"12048","20.23","4"
"12051","4.69","4"
"12052","39.75","4"
"12056","124.08","4"
"12063","9.38","4"
"12067","3.61","4"
"12071","0.96","4"
"12078","1.81","4"
"12084","26.9","4"
"12085","89.36","4"
"12095","110.16","4"
"12103","45.89","4"
"12104","50.55","4"
"12106","73.61","4"
"12108","0.48","4"
"12159","19.39","4"
"12172","11.86","4"
"12175","143.39","4"
"12190","61.42","4"
"12193","19.91","4"
"12196","29.91","4"
"12200","21.9","4"
"12203","10.05","4"
"12204","6.5","4"
"12208","105.18","4"
"12210","16.72","4"
"12260","11.01","4"
"12264","7.28","4"
"12284","0.65","4"
"12286","5.81","4"
"12294","1.8","4"
"12297","22.5","4"
"12313","1.29","4"
"12315","11.23","4"
"12321","89.5","4"
"12323","15.91","4"
"12334","10.77","4"
"12341","35.16","1"
"12363","57.39","4"
"12366","108.52","4"
"12369","235.8","4"
"12370","35.16","4"
"12372","7.91","4"
"12375","89.41","4"
"12377","13.53","4"
"12379","7.98","4"
"12385","46.83","4"
"12392","19.61","4"
"12405","11.97","4"
"12425","254.18","4"
"12429","116.82","4"
"12443","9.26","4"
"12463","33.39","4"
"12464","44.29","4"
"12505","94.03","4"
"12509","64.7","4"
"12516","23.74","4"
"12528","27.41","4"
"12529","12.71","4"
"12532","39.2","4"
"12534","674.82","4"
"12536","1.99","4"
"12549","1.72","4"
"12569","50.15","4"
"12571","36.08","4"
"12578","9.27","4"
"12623","5.6","4"
"12639","11.13","4"
"12641","23.64","4"
"12643","9.93","4"
"12681","63.17","4"
"12688","36.76","4"
"12689","25.94","4"
"12691","25.44","4"
"12692","21.48","4"
"12694","36.85","3"
"12696","16.79","3"
"12700","44.34","0"
"12703","102","4"
"12709","4.99","4"
"12711","4.32","4"
"12713","359.24","4"
"12723","51.9","4"
"12738","7.07","4"
"12742","86.4","4"
"12747","72.82","4"
"12748","9.91","4"
"12757","230.36","4"
"12776","47.69","4"
"12777","17.01","4"
"12778","7.72","4"
"12779","19.73","4"
"12780","3.66","4"
"12793","69.78","4"
"12815","16.65","4"
"12827","22.7","4"
"12834","48.23","4"
"12835","175.86","4"
"12844","7.59","4"
"12846","48.12","4"
"12862","5.5","4"
"12872","85.6","4"
"12919","156.15","4"
"12921","21.24","4"
"12924","207.99","4"
"12925","31.9","4"
"12939","1526.6","4"
"12942","121.61","4"
"12954","69.66","4"
"12959","0.64","4"
"12971","9.67","4"
"12974","3.1","4"
"12987","32.63","4"
"12990","49.77","4"
"12993","28.14","4"
"13017","61.24","4"
"13018","15.12","4"
"13023","18.76","4"
"13041","85.58","4"
"13055","51.1","4"
"13056","18.58","4"
"13063","162.7","4"
"13069","1.59","4"
"13079","2.89","4"
"13084","103.32","4"
"13104","5.64","4"
"13105","141.91","4"
"13115","36.15","4"
"13117","64.7","4"
"13122","29.64","4"
"13125","4.32","4"
"13129","79.22","4"
"13136","14.37","4"
"13164","240.43","4"
"13177","12.99","4"
"13181","21.03","4"
"13184","7.89","4"
"13194","29.7","4"
"13195","67.13","4"
"13226","49.24","4"
"13251","163.69","3"
"13259","226.39","4"
"13260","49.1","4"
"13277","21.43","4"
"13278","5.27","4"
"13280","50.22","4"
"13282","18.01","4"
"13288","15.46","4"
"13295","18.87","4"
"13307","133.05","4"
"13308","19.3","4"
"13318","7.93","4"
"13320","34.78","4"
"13339","4.15","4"
"13356","33.47","4"
"13362","38.79","4"
"13415","8.87","4"
"13440","38.55","4"
"13449","5.47","4"
"13461","13.74","4"
"13468","4.34","4"
"13490","26.91","4"
"13511","3.39","4"
"13524","6.1","4"
"13527","24.57","4"
"13539","112.54","4"
"13542","25.9","4"
"13543","26.59","4"
"13552","14.84","4"
"13568","22.77","4"
"13573","15.8","4"
"13575","18.1","4"
"13577","12.26","4"
"13582","9.49","4"
"13587","5.18","4"
"13592","32.62","4"
"13597","176.55","4"
"13622","62.21","4"
"13624","2.88","4"
"13625","3.1","4"
"13639","2.38","4"
"13647","11.78","4"
"13652","39.57","4"
"13653","2.52","4"
"13658","3.84","4"
"13659","26.52","4"
"13702","19.15","4"
"13714","364.66","3"
"13749","18.73","4"
"13763","33.33","4"
"13768","21.44","4"
"13780","37.63","4"
"13787","1.18","4"
"13788","51.34","4"
"13794","3.04","4"
"13797","38.86","4"
"13830","118.64","4"
"13833","17.07","3"
"13872","30.97","4"
"13921","9.63","4"
"13925","0.93","4"
"13946","9.29","4"
"13955","10.53","3"
"13962","12.45","4"
"13969","10.15","4"
"13976","4.61","4"
"13983","113.7","4"
"13986","81.88","4"
"13991","3.84","0"
"14001","291.79","3"
"14002","12.57","0"
"14019","1.38","0"
"14037","105.41","0"
"14038","11","1"
"14043","36.16","0"
"14050","1.06","0"
"14060","89.67","4"
"14063","23.25","4"
"14076","37.21","4"
"14106","4.44","4"
"14115","755.81","4"
"14154","18.54","4"
"14175","6.11","4"
"14182","9.94","4"
"14191","4.93","4"
"14198","11.08","4"
"14199","25.89","4"
"14208","57.89","3"
"14234","49.99","1"
"14238","43.6","3"
"14240","42.72","3"
"14241","108.32","3"
"14249","13.23","4"
"14256","1.57","3"
"14290","108.02","3"
"14298","5.73","3"
"14305","40.91","3"
"14309","74.56","3"
"14312","2.75","0"
"14320","231.66","3"
"14321","3.17","3"
"14339","12.94","3"
"14356","34.86","3"
"14361","4.45","3"
"14362","5.03","3"
"14370","21.96","3"
"14371","48.68","3"
"14373","64.38","3"
"14374","17.26","3"
"14385","18.75","3"
"14394","23.98","3"
"14399","443.56","3"
"14400","23.77","3"
"14407","11.15","3"
"14409","24.9","3"
"14412","68.19","3"
"14435","14.72","3"
"14440","421.32","3"
"14442","97.18","3"
"14454","12.75","3"
"14457","1.09","3"
"14458","35.57","3"
"14467","144.33","3"
"14472","102.59","3"
"14478","50.88","3"
"14487","94.42","3"
"14488","12.44","3"
"14489","2.66","3"
"14501","79.82","3"
"14504","62.29","3"
"14506","74.15","3"
"14512","19.75","3"
"14519","130.23","3"
"14520","30.59","3"
"14527","7.04","3"
"14528","24.41","3"
"14531","6.25","3"
"14534","20.24","3"
"14536","17.59","3"
"14538","114.06","3"
"14554","17.14","3"
"14560","11.08","3"
"14561","14.97","3"
"14576","34.32","3"
"14585","20.5","3"
"14588","31.37","3"
"14589","52.93","3"
"14590","69.91","3"
"14598","21.37","3"
"14600","2.23","3"
"14601","14.77","3"
"14613","37.96","3"
"14614","11.42","3"
"14618","17.43","3"
"14624","19.6","3"
"14626","25.33","0"
"14640","102.23","3"
"14641","3.43","3"
"14647","22.97","3"
"14650","35.43","3"
"14651","94.73","3"
"14653","5.89","3"
"14656","9.53","3"
"14666","4.05","3"
"14675","25.67","3"
"14679","1.02","3"
"14685","62.99","2"
"14689","68.32","3"
"14694","7.76","3"
"14699","59.81","3"
"14711","5.43","3"
"14713","8.42","3"
"14716","15.78","3"
"14717","19.31","3"
"14725","34.15","3"
"14739","19.51","3"
"14742","17.83","3"
"14745","28.4","3"
"14749","5.37","3"
"14750","36.09","3"
"14757","33.21","3"
"14767","2.5","3"
"14768","43.55","3"
"14770","31.3","3"
"14771","20.31","3"
"14773","2.78","3"
"14776","44.55","3"
"14779","10.93","3"
"14781","31.95","3"
"14784","92.95","3"
"14793","68.3","3"
"14797","1.28","3"
"14798","78.48","3"
"14809","14.12","3"
"14813","45.05","3"
"14814","4.77","3"
"14815","34.69","3"
"14821","5.32","3"
"14823","6.69","3"
"14824","34.29","3"
"14833","3.17","3"
"14839","7.96","3"
"14849","17.55","3"
"14855","13.08","3"
"14856","1.39","3"
"14857","344.1","3"
"14861","4.39","3"
"14865","356.13","3"
"14883","23.71","3"
"14889","10.83","3"
"14890","24.38","3"
"14891","20.51","3"
"14892","81.59","3"
"14893","2.4","3"
"14896","20.23","3"
"14898","100.79","3"
"14899","7.81","3"
"14900","3.17","3"
"14901","57.33","3"
"14902","10.02","3"
"14903","27.34","3"
"14908","12.86","3"
"14912","65.85","3"
"14913","21.13","3"
"14917","23.56","3"
"14927","14.88","3"
"14929","7.58","3"
"14930","24.26","3"
"14941","80.55","3"
"14943","33.85","3"
"14952","93.71","3"
"14957","41.66","3"
"14960","69.15","3"
"14961","19.76","3"
"14963","891.4","3"
"15007","30.66","3"
"15009","11.05","3"
"15017","29.15","3"
"15042","44.18","3"
"15043","8.01","3"
"15050","11.36","3"
"15053","112.26","3"
"15058","2.02","3"
"15061","10.27","3"
"15067","2","3"
"15087","39.17","3"
"15089","6.19","3"
"15096","22.62","3"
"15099","15.34","3"
"15103","38.74","3"
"15104","91.6","3"
"15105","52.6","3"
"15107","22.99","3"
"15111","8.6","3"
"15145","34.52","3"
"15148","17.38","0"
"15163","69.26","3"
"15166","18.31","3"
"15175","216.15","3"
"15189","1.92","3"
"15209","7.35","3"
"15210","40.75","3"
"15226","21.97","3"
"15227","27.5","3"
"15228","15.64","3"
"15233","21.68","3"
"15237","1.92","3"
"15240","11.56","3"
"15245","135.65","3"
"15251","10.56","3"
"15254","6.2","3"
"15255","30.11","3"
"15256","31.85","3"
"15260","14.35","3"
"15261","2.64","3"
"15269","10.38","3"
"15272","208.9","3"
"15275","173.43","3"
"15276","73.12","3"
"15284","4.02","3"
"15294","33.21","3"
"15296","38.94","3"
"15298","10.51","3"
"15299","8.13","3"
"15301","102.83","3"
"15303","66.84","3"
"15305","57.85","3"
"15307","28.07","3"
"15318","5.88","3"
"15320","3.37","3"
"15321","4.22","3"
"15323","11.39","3"
"15324","2.78","3"
"15326","10.61","3"
"15329","244.58","1"
"15334","21.31","3"
"15347","21.93","3"
"15354","25.57","3"
"15357","29.56","3"
"15359","60.36","3"
"15363","58.61","3"
"15364","18.3","3"
"15367","40.12","3"
"15368","130.48","3"
"15380","27.3","3"
"15383","1.03","3"
"15385","176.24","3"
"15391","20.29","3"
"15398","14.27","3"
"15402","24.03","3"
"15403","17.03","3"
"15404","91.02","3"
"15405","23.3","3"
"15406","15.23","3"
"15408","67.63","3"
"15409","22.78","3"
"15413","10.38","3"
"15414","12.95","3"
"15431","46.59","3"
"15433","40.58","3"
"15435","4.48","3"
"15442","7","3"
"15448","13.6","3"
"15456","30.92","3"
"15484","194.27","3"
"15495","1.17","3"
"15500","153.52","3"
"15507","0.89","3"
"15513","2.45","3"
"15526","13.32","3"
"15532","8.87","3"
"15535","25.28","3"
"15537","76.96","3"
"15542","9.96","3"
"15543","7.29","3"
"15544","1.24","3"
"15547","63.12","3"
"15573","14.59","3"
"15575","19.36","3"
"15576","51.52","3"
"15607","24.24","3"
"15608","9.1","3"
"15611","24.27","3"
"15623","6.52","3"
"15636","9.56","3"
"15641","7.53","3"
"15643","6.88","3"
"15645","5.4","3"
"15662","25.82","3"
"15670","18.85","3"
"15683","90.29","3"
"15685","5.19","3"
"15688","72.43","3"
"15691","38.74","3"
"15696","232.31","3"
"15706","11.24","3"
"15713","92.91","3"
"15715","4.94","3"
"15720","13.07","3"
"15724","9.03","3"
"15727","403.79","3"
"15735","65.09","3"
"15737","53.77","3"
"15743","5.15","3"
"15744","11.55","3"
"15748","2.27","3"
"15749","4.57","3"
"15771","22.38","3"
"15774","5.01","3"
"15779","16.95","3"
"15790","1.46","3"
"15794","5.58","3"
"15797","45.75","3"
"15798","1.54","3"
"15803","17.31","3"
"15807","4.74","3"
"15816","2.83","3"
"15834","13.53","3"
"15838","0.94","3"
"15851","539.69","3"
"15867","33.74","3"
"15868","27.81","3"
"15869","25.65","3"
"15878","20.51","3"
"15892","135.48","3"
"15905","0.67","3"
"15907","71.97","3"
"15914","324.67","3"
"15917","23.05","3"
"15919","127.92","3"
"15921","105.04","3"
"15926","46.69","3"
"15936","127.5","3"
"15937","54.73","3"
"15938","156.04","3"
"15946","14.52","3"
"15960","2.85","3"
"15968","27.46","3"
"15974","75.31","3"
"15985","35.79","3"
"15986","17.73","3"
"15988","52.34","3"
"15989","51.31","3"
"15991","9.93","3"
"15996","14.65","3"
"16005","23.34","3"
"16012","5.1","3"
"16021","23.89","3"
"16024","37.68","3"
"16027","56.8","3"
"16033","61.19","3"
"16038","18.38","3"
"16040","17.73","3"
"16056","19.58","3"
"16066","21.8","3"
"16067","39.57","3"
"16069","65.61","3"
"16071","36.24","3"
"16080","22.55","3"
"16086","19.14","3"
"16089","55.86","3"
"16090","7.08","3"
"16093","6.84","3"
"16097","34.2","3"
"16100","139.03","3"
"16106","7.51","3"
"16111","59.46","3"
"16122","100.65","3"
"16126","34.58","3"
"16129","4.6","3"
"16133","1.2","3"
"16134","4.25","3"
"16137","30.2","3"
"16145","9.1","3"
"16151","2.56","3"
"16152","79.4","3"
"16153","197.42","3"
"16161","23.3","3"
"16171","69.04","3"
"16180","83.14","3"
"16183","6.41","3"
"16185","51.85","3"
"16188","29.84","3"
"16190","25.93","3"
"16204","3.12","3"
"16206","10.54","3"
"16219","14.37","3"
"16221","64.81","3"
"16222","106.03","3"
"16223","23.43","3"
"16229","27.91","3"
"16232","4.79","3"
"16234","34.57","3"
"16237","8.88","3"
"16240","1.83","3"
"16241","14.4","3"
"16243","21.37","3"
"16248","3.79","3"
"16249","22.28","3"
"16251","80.29","3"
"16252","47.92","3"
"16265","96.64","3"
"16266","248.59","3"
"16269","6.54","3"
"16270","16.06","3"
"16271","256.9","3"
"16273","11.02","3"
"16275","21","3"
"16276","138.97","3"
"16277","24.71","3"
"16278","44.53","3"
"16279","10.87","3"
"16292","26.42","3"
"16302","34.98","3"
"16303","34.88","3"
"16326","1.23","3"
"16330","2.23","3"
"16331","5.18","3"
"16347","1.01","3"
"16368","36.72","3"
"16375","6.24","3"
"16385","51.34","3"
"16396","13.44","3"
"16397","19.89","3"
"16398","138.69","3"
"16420","8.63","3"
"16421","26.28","3"
"16423","10.09","3"
"16424","69.43","3"
"16439","34.47","3"
"16441","4.85","3"
"16445","34.54","3"
"16449","93.74","3"
"16458","16","3"
"16462","37.98","3"
"16464","17.12","3"
"16467","104.34","3"
"16474","48.6","3"
"16475","36.14","3"
"16476","52.61","3"
"16479","219.09","3"
"16480","16.72","3"
"16482","26.01","3"
"16489","4.97","3"
"16506","13.82","3"
"16514","53.41","3"
"16519","25.26","3"
"16522","54.85","3"
"16530","53.52","3"
"16531","9.01","3"
"16534","250.04","3"
"16539","16.51","3"
"16545","32.1","3"
"16546","11.25","3"
"16547","80.93","3"
"16557","3.61","3"
"16561","27.11","3"
"16563","120.95","3"
"16575","1.26","3"
"16589","21.63","3"
"16591","26.02","3"
"16592","9.13","3"
"16593","10.49","3"
"16599","24.56","3"
"16613","15.74","3"
"16621","51.29","3"
"16629","29.1","3"
"16639","152.94","3"
"16641","171.31","3"
"16654","247.83","3"
"16660","46.09","3"
"16671","8.07","3"
"16675","10.4","3"
"16676","4.52","3"
"16678","4.05","3"
"16680","134.34","3"
"16692","134.02","3"
"16706","2.05","3"
"16709","26.86","3"
"16710","226.98","3"
"16714","3.48","3"
"16728","12.1","3"
"16730","42.01","3"
"16732","11.6","3"
"16734","120.73","3"
"16740","248.27","3"
"16747","1.71","3"
"16759","32.78","3"
"16760","174.95","3"
"16782","26.58","3"
"16794","22.74","3"
"16805","305.9","3"
"16808","46.27","3"
"16814","36.96","3"
"16825","41.4","3"
"16828","77.59","3"
"16835","5.8","3"
"16842","34.79","3"
"16843","12.95","3"
"16861","132.65","3"
"16863","35.67","3"
"16868","13.88","3"
"16869","9.64","3"
"16871","6.46","3"
"16873","2","3"
"16895","20.92","3"
"16901","43.88","3"
"16913","171.1","3"
"16915","66.5","3"
"16918","39.03","3"
"16929","21.13","3"
"16931","9.48","3"
"16936","54.01","3"
"16945","175.63","0"
"16958","10.02","3"
"16967","1.8","0"
"16969","56.2","3"
"16986","15.45","3"
"16987","87.49","3"
"16991","1324.95","0"
"17007","18.48","3"
"17012","133.76","3"
"17013","35.63","3"
"17016","109.05","3"
"17019","6.85","3"
"17029","107.87","3"
"17052","172.71","3"
"17080","25.66","3"
"17082","102.29","3"
"17102","5.59","3"
"17106","88.81","3"
"17136","10.73","3"
"17137","57.38","3"
"17145","13.32","3"
"17147","17.1","3"
"17149","23.83","3"
"17152","9.39","3"
"17185","45.04","3"
"17191","17.64","3"
"17192","26.29","3"
"17204","483.66","3"
"17205","148.56","3"
"17218","34.36","3"
"17249","129.61","3"
"17250","16.74","3"
"17270","25.51","3"
"17287","13.32","3"
"17289","21.59","3"
"17291","178.81","3"
"17307","2.67","3"
"17318","9","3"
"17327","37.78","3"
"17346","79.51","3"
"17363","18","3"
"17367","45.28","3"
"17368","84","3"
"17383","79.62","3"
"17384","26.89","3"
"17394","61.32","3"
"17410","8.2","3"
"17420","16.96","3"
"17422","400.95","3"
"17429","0.36","3"
"17430","0.54","3"
"17435","12.1","2"
"17439","17.65","2"
"17440","12.19","3"
"17442","0.89","3"
"17446","8.93","3"
"17449","6.31","3"
"17451","59.91","0"
"17461","4.37","2"
"17489","54.73","2"
"17494","32.91","2"
"17501","6.5","2"
"17503","102.78","2"
"17508","39.42","2"
"17509","171.22","2"
"17518","17.65","2"
"17521","8.21","2"
"17522","3.05","2"
"17523","38.67","2"
"17526","29.5","2"
"17527","16.19","2"
"17528","15.15","2"
"17529","42.16","2"
"17533","16.51","2"
"17534","34","2"
"17537","136.6","2"
"17540","15.66","2"
"17541","4.64","2"
"17550","5.36","2"
"17560","54.43","2"
"17563","15.25","2"
"17568","93.44","2"
"17570","42.26","2"
"17571","33.37","2"
"17572","4.92","2"
"17573","22.16","2"
"17577","15.16","2"
"17583","43.56","2"
"17586","13.31","2"
"17590","31.22","2"
"17593","165.6","2"
"17595","12.19","2"
"17596","20.16","2"
"17615","32.15","2"
"17617","19.16","2"
"17618","46.19","2"
"17619","242.64","2"
"17620","6.13","2"
"17621","45.69","2"
"17625","10.08","2"
"17630","10.37","2"
"17632","19.72","2"
"17636","71","2"
"17638","13.26","2"
"17643","55.69","2"
"17644","34.39","2"
"17648","28.41","2"
"17650","153.88","2"
"17652","11.18","2"
"17654","62.54","2"
"17659","192.31","2"
"17660","53.65","2"
"17661","41.37","2"
"17663","4.03","2"
"17664","4.79","2"
"17667","4.33","2"
"17668","26.27","2"
"17669","41.87","2"
"17670","20.9","2"
"17673","31.55","2"
"17676","41.93","2"
"17677","67.06","2"
"17686","89.36","2"
"17688","167.87","2"
"17689","97.38","2"
"17702","52.13","2"
"17717","68.15","2"
"17723","27.48","2"
"17724","61.4","2"
"17729","81.09","2"
"17730","59.62","2"
"17736","66.68","2"
"17741","10.51","2"
"17747","200.07","2"
"17755","11.49","2"
"17764","9.38","2"
"17768","4.09","2"
"17769","24.06","2"
"17774","17.19","2"
"17777","218.99","2"
"17784","12.35","2"
"17786","19.14","2"
"17788","9.8","2"
"17790","3.59","2"
"17801","11","2"
"17805","53.89","2"
"17807","10.44","2"
"17810","22.59","2"
"17817","22.79","2"
"17818","6.1","2"
"17828","211.05","2"
"17831","61.09","2"
"17833","44.56","2"
"17841","52.75","2"
"17843","47.01","2"
"17844","39.5","2"
"17858","8.26","2"
"17859","27.64","2"
"17862","28.82","2"
"17875","17.37","2"
"17878","181.5","2"
"17880","5.97","2"
"17888","81.1","2"
"17893","9.76","2"
"17896","53.05","2"
"17897","32.2","2"
"17905","31.18","2"
"17907","1.73","2"
"17908","40.88","2"
"17915","13.83","2"
"17917","8.22","2"
"17918","13.15","2"
"17919","14.66","2"
"17920","33.41","2"
"17925","63.46","2"
"17929","71.5","2"
"17933","31.41","2"
"17934","21.4","2"
"17936","7.57","2"
"17940","55.64","2"
"17946","5.14","2"
"17956","24.2","2"
"17962","40.9","2"
"17970","105.15","2"
"17972","19.84","2"
"17980","1.21","2"
"17984","45.28","2"
"17997","25.81","2"
"17998","3.84","2"
"18006","9.42","2"
"18012","406.03","2"
"18016","41.61","2"
"18018","16","2"
"18025","27.75","2"
"18027","122.66","2"
"18031","63.13","2"
"18032","35.12","2"
"18036","31.81","2"
"18040","12.22","2"
"18052","30.74","2"
"18056","11.08","2"
"18059","6.2","2"
"18060","4.23","2"
"18061","2.34","2"
"18066","3.95","2"
"18078","13.31","2"
"18080","7.2","2"
"18090","109.92","2"
"18100","4.73","2"
"18102","6.8","2"
"18109","7.52","2"
"18111","2.26","2"
"18112","1.82","2"
"18113","9.13","2"
"18116","10.96","2"
"18118","5.85","2"
"18121","39.51","2"
"18126","11.38","2"
"18131","40.88","2"
"18137","26.91","2"
"18142","10.14","2"
"18143","5.4","2"
"18144","35.23","2"
"18149","5.64","2"
"18151","5.36","2"
"18153","39.2","2"
"18154","31.36","2"
"18155","8.3","2"
"18159","9.96","2"
"18160","4.1","2"
"18165","20.9","2"
"18168","9.7","2"
"18173","10.61","2"
"18177","6.5","2"
"18181","3.43","2"
"18186","19.34","2"
"18192","22.03","2"
"18200","43.31","2"
"18201","2.3","2"
"18207","37.41","2"
"18211","18.66","2"
"18214","61.01","2"
"18218","2.26","2"
"18219","125.45","2"
"18220","99.83","2"
"18222","3.55","2"
"18227","187.53","2"
"18238","23.37","2"
"18242","5.19","2"
"18244","51.02","2"
"18252","10.85","2"
"18257","16.05","2"
"18275","1.89","2"
"18279","14.96","2"
"18285","86.49","2"
"18286","18.11","2"
"18290","41.32","2"
"18293","13.7","2"
"18294","13.24","2"
"18296","33.64","2"
"18299","54.96","2"
"18300","9.54","2"
"18303","1.06","2"
"18310","14.52","2"
"18311","40.87","2"
"18320","457.08","2"
"18322","52.5","2"
"18323","26.99","2"
"18324","12.27","2"
"18330","6.03","2"
"18331","49.65","2"
"18334","21.68","2"
"18340","25.73","2"
"18343","8.97","2"
"18345","30.31","2"
"18356","5.46","2"
"18364","16.03","2"
"18372","40.09","2"
"18374","8.61","2"
"18376","9.67","2"
"18377","53.42","2"
"18378","21.56","2"
"18380","23.96","2"
"18385","62.22","2"
"18388","20.92","2"
"18395","3.21","2"
"18397","75.86","2"
"18398","4.19","2"
"18399","27.46","2"
"18402","4.47","2"
"18405","19.16","2"
"18408","2.23","2"
"18413","15.87","2"
"18414","79.21","2"
"18415","1.18","2"
"18422","223.66","2"
"18427","50.5","2"
"18429","15.63","2"
"18430","84.9","2"
"18438","14.62","2"
"18443","211.81","2"
"18444","7.14","2"
"18445","16.31","2"
"18449","24.39","2"
"18451","141.56","2"
"18454","7.04","2"
"18457","2.74","2"
"18458","6.15","2"
"18477","9.3","2"
"18480","47.11","2"
"18482","20.69","2"
"18483","25.49","2"
"18485","7.85","2"
"18489","42.27","2"
"18490","23.12","2"
"18499","22.72","2"
"18505","5.53","2"
"18510","9.83","2"
"18513","26.64","2"
"18514","27.25","2"
"18516","48.5","2"
"18520","109.64","2"
"18522","3.87","2"
"18523","4.65","2"
"18526","4.43","2"
"18527","18.11","2"
"18529","86.02","2"
"18535","144.27","2"
"18538","54.01","2"
"18541","2.45","2"
"18542","103.2","2"
"18543","323.99","2"
"18544","26.33","2"
"18547","5.65","2"
"18550","16.16","2"
"18555","32.03","2"
"18557","2.01","2"
"18560","72.75","2"
"18567","13.15","2"
"18569","19.12","2"
"18571","3.51","2"
"18577","71.53","2"
"18586","16.28","2"
"18588","34.25","2"
"18590","35.78","2"
"18593","37.99","2"
"18594","5.98","2"
"18595","19.87","2"
"18598","17.73","2"
"18604","541.81","2"
"18605","76.07","2"
"18608","27.14","2"
"18610","168.73","2"
"18611","15.54","2"
"18613","131.53","2"
"18620","51.03","2"
"18622","56.56","2"
"18623","20.62","2"
"18624","4.74","2"
"18627","31.94","2"
"18628","6.81","2"
"18631","12.78","2"
"18632","6.9","2"
"18653","65.42","2"
"18654","15.47","2"
"18657","43.06","2"
"18665","1.65","2"
"18666","39.16","2"
"18668","59.59","2"
"18670","21.52","2"
"18675","0.34","2"
"18676","4.02","2"
"18681","3.47","2"
"18685","33.31","2"
"18692","61.53","2"
"18703","9.34","2"
"18705","43.33","2"
"18711","741.1","2"
"18713","9.27","2"
"18716","13.26","2"
"18717","4.24","2"
"18721","48.37","2"
"18723","23.04","2"
"18735","76.69","2"
"18737","2.18","2"
"18740","90.03","2"
"18742","102.4","2"
"18743","12.74","2"
"18746","5.33","2"
"18748","308.13","2"
"18750","28.46","2"
"18753","2.1","2"
"18759","42.73","2"
"18761","34.19","2"
"18762","103.92","2"
"18764","10.64","2"
"18767","33.72","2"
"18769","59.76","2"
"18770","142.6","2"
"18772","50.72","2"
"18778","11.41","2"
"18788","12.6","2"
"18790","6.38","2"
"18792","21.88","2"
"18795","2.39","2"
"18798","10.94","2"
"18802","8.85","2"
"18808","20.52","2"
"18810","26.95","2"
"18813","16.56","2"
"18814","44.01","2"
"18815","13.19","2"
"18816","20.61","2"
"18818","17.38","2"
"18819","63.04","2"
"18820","18.63","2"
"18824","8.48","2"
"18826","11.5","2"
"18827","40.37","2"
"18829","4.06","2"
"18830","8.46","2"
"18833","26.28","2"
"18834","2.72","2"
"18837","46.12","2"
"18839","9.08","2"
"18840","20.52","2"
"18841","8.68","2"
"18844","16.54","2"
"18848","9.28","2"
"18851","16.29","2"
"18853","19.45","2"
"18854","55.16","2"
"18855","5.37","2"
"18858","20.7","2"
"18861","11.87","2"
"18863","25.71","2"
"18865","14.27","2"
"18868","140.29","2"
"18870","20.27","2"
"18871","20.26","2"
"18872","2.53","2"
"18873","34.25","2"
"18878","154.92","2"
"18885","0.8","2"
"18895","8.01","2"
"18897","3.67","2"
"18903","5.56","2"
"18904","40","2"
"18906","19.94","2"
"18907","43.69","2"
"18909","12.46","2"
"18919","16.91","2"
"18922","11.03","2"
"18925","55.11","2"
"18926","21.8","2"
"18927","4.84","2"
"18929","35.81","2"
"18930","11.73","2"
"18935","5.66","2"
"18936","4.07","2"
"18939","11.58","2"
"18941","36.89","2"
"18942","64.51","2"
"18943","200.54","2"
"18947","65.5","2"
"18949","27.06","2"
"18951","2","2"
"18953","8.56","2"
"18954","15.12","2"
"18955","3.28","2"
"18956","6.18","2"
"18958","342.24","2"
"18960","44.51","2"
"18963","52.39","2"
"18975","43","2"
"18976","13.73","2"
"18982","8.15","2"
"18988","2.39","2"
"18989","2.52","2"
"18995","2.1","2"
"19002","77.42","2"
"19005","2.57","2"
"19010","10.04","2"
"19012","15.79","2"
"19013","23.39","2"
"19014","8.25","2"
"19015","4.64","2"
"19016","14.67","2"
"19018","8.3","2"
"19023","6.91","2"
"19024","17.29","2"
"19034","87.06","2"
"19036","32.66","2"
"19048","5.87","2"
"19055","169.49","2"
"19058","20.92","2"
"19066","14.49","2"
"19068","7.87","2"
"19069","7.67","2"
"19071","15.01","2"
"19072","11.02","2"
"19081","102.93","2"
"19082","11.52","2"
"19095","10.05","2"
"19096","18.59","2"
"19101","21.49","2"
"19102","7.21","2"
"19103","5.69","2"
"19120","26.69","2"
"19121","15.92","2"
"19122","4.37","2"
"19145","33.36","2"
"19147","92.41","2"
"19149","6.3","2"
"19150","69.23","2"
"19153","1.52","2"
"19155","45.07","2"
"19156","29.51","2"
"19157","9.29","2"
"19163","109.55","2"
"19170","11.74","2"
"19173","14.1","2"
"19174","4.39","2"
"19181","12.02","2"
"19189","4.28","2"
"19194","15.48","2"
"19196","26.98","2"
"19197","9.13","2"
"19205","2.81","2"
"19208","101.14","2"
"19215","30.41","2"
"19217","27.89","2"
"19220","56.98","2"
"19224","13.86","2"
"19228","2.44","2"
"19230","62.45","2"
"19234","54.74","2"
"19253","8.29","2"
"19272","4.02","2"
"19277","10.56","2"
"19279","36.07","2"
"19284","49.73","2"
"19286","7.45","2"
"19292","27.54","2"
"19293","52.67","2"
"19294","3.69","2"
"19296","1.92","2"
"19300","194.55","2"
"19305","13.68","2"
"19306","18.56","2"
"19307","8.53","2"
"19308","0.34","2"
"19310","21.08","2"
"19311","1.86","0"
"19316","0.62","2"
"19317","1.37","2"
"19323","6.2","2"
"19324","4.73","2"
"19325","12.25","2"
"19328","116.02","0"
"19329","35.49","1"
"19331","1.64","2"
"19333","44.23","2"
"19352","95.54","2"
"19354","16.36","2"
"19372","4.87","2"
"19386","17.71","2"
"19396","10.03","2"
"19404","7.87","2"
"19405","3.87","2"
"19421","27.33","2"
"19428","119.97","2"
"19429","81.47","2"
"19430","53.12","2"
"19433","61.12","2"
"19434","25.75","2"
"19435","57.86","2"
"19455","11.45","2"
"19460","23.37","2"
"19468","1.45","2"
"19471","75.18","2"
"19473","14","2"
"19477","11.89","2"
"19479","26.04","2"
"19480","77.59","2"
"19483","5.07","2"
"19504","121.18","2"
"19510","2.49","2"
"19523","15.84","2"
"19549","4.64","2"
"19560","17.78","2"
"19561","12.98","2"
"19572","3.42","2"
"19577","19.55","2"
"19585","4.26","2"
"19594","11.77","2"
"19597","71.25","2"
"19604","23.24","2"
"19612","260.11","0"
"19618","109.87","2"
"19619","6.88","2"
"19621","136.19","2"
"19626","9.01","2"
"19627","1.24","2"
"19629","15.23","2"
"19630","10.81","2"
"19633","3.08","2"
"19634","14.56","2"
"19643","32.97","2"
"19649","31.54","2"
"19662","1.25","2"
"19666","45.06","2"
"19667","58.39","2"
"19671","54.49","2"
"19678","31.35","2"
"19681","9.79","2"
"19688","18.48","2"
"19693","153.6","2"
"19696","9.66","2"
"19697","132.69","2"
"19707","37.59","2"
"19710","9.77","2"
"19711","5.42","2"
"19724","39.01","2"
"19730","13.11","2"
"19732","20.02","2"
"19741","10","2"
"19747","9.53","2"
"19751","10.38","2"
"19759","7.07","2"
"19791","7.83","2"
"19794","2.57","2"
"19795","5.19","2"
"19805","10.97","2"
"19806","16.88","2"
"19810","1.85","0"
"19819","33.53","2"
"19820","42.35","2"
"19821","180.98","2"
"19827","4.09","2"
"19839","19.69","2"
"19843","16.45","2"
"19861","7.66","2"
"19874","54.92","2"
"19885","708.96","2"
"19887","17.37","2"
"19889","6.35","2"
"19905","89.03","2"
"19907","5.92","2"
"19911","6.62","2"
"19914","77.46","2"
"19918","0.25","2"
"19931","6.71","2"
"19951","5.59","2"
"19953","28.79","2"
"19966","45.92","2"
"19971","18.4","2"
"19984","69.04","2"
"20012","15.81","2"
"20027","14.41","2"
"20028","39.62","2"
"20037","399.61","2"
"20042","85.58","2"
"20049","81.57","2"
"20058","55.83","2"
"20066","92.4","2"
"20068","7.75","2"
"20081","2.31","2"
"20085","5.92","2"
"20092","146.07","2"
"20095","91.15","2"
"20096","5.46","2"
"20100","177.33","2"
"20117","29.22","2"
"20119","21.18","2"
"20121","1.52","2"
"20124","11.97","2"
"20153","0.32","1"
"20159","1.94","1"
"20184","150.81","1"
"20187","42.08","1"
"20188","38.5","1"
"20192","15.55","1"
"20193","44.76","1"
"20196","9.79","1"
"20209","14.94","1"
"20211","178.29","1"
"20212","54.45","1"
"20213","21.86","1"
"20214","9.73","1"
"20216","136.67","1"
"20219","0.71","1"
"20245","106.47","1"
"20251","258.23","1"
"20252","17.76","0"
"20253","68.61","1"
"20258","34.68","1"
"20262","104.1","1"
"20265","19.41","1"
"20279","0.43","1"
"20281","2.81","1"
"20285","279.86","1"
"20299","4.31","1"
"20300","29.04","1"
"20306","45.02","1"
"20322","31.48","1"
"20330","209.99","1"
"20334","34.88","1"
"20345","0.56","1"
"20347","91.32","1"
"20349","18.67","1"
"20351","21.68","1"
"20357","202.38","1"
"20358","11.15","1"
"20365","16.55","1"
"20375","19.67","1"
"20376","2","1"
"20384","15.44","1"
"20392","10.55","1"
"20395","4.96","1"
"20403","2.93","1"
"20405","0.95","1"
"20408","126.08","1"
"20414","7.8","1"
"20418","53.71","1"
"20420","28.19","1"
"20424","64.53","1"
"20426","7.77","1"
"20427","104.93","1"
"20431","0.94","1"
"20432","24.29","1"
"20433","50.4","1"
"20435","7.51","1"
"20437","46.23","1"
"20439","1.01","1"
"20440","9.89","1"
"20450","164.65","1"
"20460","1.04","1"
"20468","11.34","1"
"20472","9.79","1"
"20473","24.78","1"
"20474","11.33","1"
"20476","23.17","1"
"20477","4.74","1"
"20478","5.61","1"
"20481","2.51","1"
"20482","13.25","1"
"20488","6.01","1"
"20489","0.65","1"
"20490","20.3","1"
"20493","2.17","1"
"20497","70.02","1"
"20502","156.01","1"
"20504","35.48","1"
"20510","10.41","1"
"20518","479.09","1"
"20520","3.95","1"
"20521","1.99","1"
"20527","25.59","1"
"20531","52.49","1"
"20536","4.18","1"
"20541","4.09","1"
"20551","3.85","1"
"20554","53.89","1"
"20558","17.48","1"
"20560","15.23","1"
"20562","23.05","1"
"20564","10.31","1"
"20567","11.7","1"
"20572","4.53","1"
"20574","5.42","1"
"20585","26.13","1"
"20586","78.45","1"
"20588","16.71","1"
"20595","14.59","1"
"20596","8.97","1"
"20601","70.29","1"
"20602","16.12","1"
"20605","34.7","1"
"20606","42.7","1"
"20609","36.18","1"
"20617","3.85","1"
"20620","131.29","1"
"20622","46.91","1"
"20626","12.03","1"
"20628","14.72","1"
"20632","6.87","1"
"20635","36.84","1"
"20638","16.57","1"
"20643","36.23","1"
"20644","33.21","1"
"20652","17.56","1"
"20663","9.07","1"
"20668","66.17","1"
"20674","47.92","1"
"20677","11.09","1"
"20678","1.4","1"
"20679","7.18","1"
"20680","21.99","1"
"20681","1.44","1"
"20684","6.57","1"
"20685","7.41","1"
"20687","4.41","1"
"20688","3.04","1"
"20691","17.35","1"
"20693","5.28","1"
"20695","3.32","1"
"20697","13.52","1"
"20703","25.51","1"
"20706","1.35","1"
"20718","12.28","1"
"20730","1.83","1"
"20742","33.85","1"
"20750","2.34","1"
"20753","21.31","1"
"20754","16.53","1"
"20758","30.04","1"
"20759","90.51","1"
"20760","27.8","1"
"20762","13.09","1"
"20770","0.61","1"
"20771","48.93","1"
"20772","16.16","1"
"20775","27.41","1"
"20776","20.52","1"
"20780","149.21","1"
"20783","20.31","1"
"20795","8","1"
"20796","17.75","1"
"20797","27.39","1"
"20810","52.3","1"
"20814","49.19","1"
"20820","58.33","1"
"20832","117.67","1"
"20835","4.58","1"
"20843","10.92","1"
"20845","9.97","1"
"20854","23.63","1"
"20871","9.95","1"
"20872","18.51","1"
"20874","15.42","1"
"20878","27.01","1"
"20880","20.26","1"
"20890","68.53","1"
"20892","23.55","1"
"20894","82.23","1"
"20899","75.04","1"
"20911","7.35","1"
"20918","6.68","1"
"20925","1.75","1"
"20926","6.1","1"
"20927","2.98","1"
"20929","1.6","1"
"20934","13.11","1"
"20937","3.83","1"
"20938","45.48","1"
"20943","12.61","1"
"20957","8.52","1"
"20961","51.54","1"
"20981","46.1","1"
"20994","31.32","1"
"20998","11.68","1"
"21015","19.04","1"
"21020","11.46","1"
"21021","57.92","1"
"21036","37.94","1"
"21045","9.8","1"
"21052","16.06","1"
"21056","51.19","1"
"21057","52.79","1"
"21058","33.9","1"
"21064","31.88","1"
"21070","3.65","1"
"21075","7.96","1"
"21078","2.25","1"
"21094","3.59","1"
"21102","44","1"
"21105","57.75","1"
"21114","10.69","1"
"21119","41.41","1"
"21121","212.44","1"
"21128","30.44","1"
"21130","14.71","1"
"21134","4.24","1"
"21155","31.16","1"
"21171","44.74","1"
"21199","28.42","1"
"21207","46.15","1"
"21209","1.83","1"
"21220","153.12","1"
"21221","49.6","1"
"21222","12.79","1"
"21223","249.19","1"
"21224","86.02","1"
"21226","11.58","1"
"21227","58.06","1"
"21244","2.75","1"
"21256","11.98","1"
"21257","12.16","1"
"21263","5.66","1"
"21276","3.81","1"
"21278","27.64","1"
"21282","10.64","1"
"21286","6.9","1"
"21309","77","1"
"21313","9.74","1"
"21314","2","1"
"21319","28.01","1"
"21335","15.79","1"
"21340","6.67","1"
"21344","50.26","1"
"21355","21.39","1"
"21358","6.62","1"
"21364","5.93","1"
"21368","38.7","1"
"21369","1.71","1"
"21377","10.95","1"
"21378","64.69","1"
"21379","3.7","1"
"21380","39.45","1"
"21382","76.89","1"
"21384","19.65","1"
"21389","7.45","1"
"21390","75.4","1"
"21391","3.07","1"
"21413","9.55","1"
"21417","5.24","1"
"21433","0.89","1"
"21436","5.8","1"
"21437","6.91","1"
"21441","12.76","1"
"21443","6.7","1"
"21449","2.11","1"
"21455","26.53","1"
"21463","136.66","1"
"21464","6.07","1"
"21467","94.65","1"
"21469","10.14","1"
"21470","68.48","1"
"21473","30.02","1"
"21474","36.74","1"
"21480","9.78","1"
"21486","30.01","1"
"21490","17.63","1"
"21491","12.33","1"
"21511","302.84","1"
"21517","2.19","1"
"21523","1","1"
"21525","12.98","1"
"21530","38.27","1"
"21536","14.87","1"
"21537","32.33","1"
"21542","1.96","1"
"21551","16.97","1"
"21556","14.67","1"
"21559","105.69","1"
"21560","53.96","1"
"21561","139.15","1"
"21562","36.29","1"
"21563","328.12","1"
"21565","203.17","1"
"21570","63.43","1"
"21573","5.71","1"
"21579","17.2","1"
"21586","61.07","1"
"21590","19.26","1"
"21604","95.68","1"
"21616","128.67","1"
"21629","30.24","1"
"21640","3.08","1"
"21646","18.83","1"
"21650","3.98","1"
"21652","1.58","1"
"21655","25.67","1"
"21656","5.09","1"
"21659","46.95","1"
"21662","62.11","1"
"21664","53.56","1"
"21676","61.9","1"
"21678","25.01","1"
"21682","19.19","1"
"21689","50.68","1"
"21695","26.56","1"
"21696","23.18","1"
"21697","30.09","1"
"21700","1.45","1"
"21702","126.32","1"
"21713","13.79","1"
"21720","5.95","1"
"21721","5.4","1"
"21722","0.44","1"
"21730","550.55","1"
"21732","44.31","1"
"21733","17.56","1"
"21742","53.5","1"
"21744","11.66","1"
"21745","19.46","1"
"21746","57.81","1"
"21756","27.55","1"
"21757","37.61","1"
"21760","5.71","1"
"21767","10.27","1"
"21769","11.53","1"
"21772","7.08","1"
"21774","8.96","1"
"21776","96.12","1"
"21779","1.94","1"
"21780","8.54","1"
"21787","47.67","1"
"21789","22.6","1"
"21790","39.33","1"
"21796","48.49","1"
"21809","16.11","1"
"21810","37.52","1"
"21811","4.18","1"
"21814","18.75","1"
"21816","27.62","1"
"21817","3.6","1"
"21818","22.03","1"
"21823","149.66","1"
"21836","9.64","1"
"21838","5.3","1"
"21840","30.38","1"
"21850","92.56","1"
"21856","9.16","1"
"21858","26.09","1"
"21859","24.8","1"
"21863","94.23","1"
"21866","8.32","1"
"21867","31.33","1"
"21874","19.33","1"
"21878","33.55","1"
"21886","3.03","1"
"21887","7.98","1"
"21900","26.38","1"
"21902","25.23","1"
"21909","10.08","1"
"21910","68.3","1"
"21915","2.27","1"
"21920","12.88","1"
"21921","2.41","1"
"21923","9.46","1"
"21925","70.04","1"
"21929","6.08","1"
"21935","338.02","1"
"21936","32.57","1"
"21939","8.36","1"
"21943","8.76","1"
"21944","14.21","1"
"21945","50.43","1"
"21952","18.15","1"
"21956","22.9","1"
"21965","22.93","1"
"21966","199.11","1"
"21967","30.98","1"
"21976","22.36","1"
"21977","23.23","1"
"21982","21.47","1"
"21984","24.65","1"
"21986","59.79","1"
"21992","76.3","1"
"21997","148.64","1"
"22016","22.91","1"
"22022","10.96","1"
"22029","2.97","1"
"22036","17.3","1"
"22037","106.19","1"
"22056","3.13","1"
"22060","2.1","1"
"22061","6.81","1"
"22068","24.68","1"
"22071","215.05","1"
"22089","3.72","1"
"22099","39.67","1"
"22119","9.7","1"
"22132","46.01","1"
"22145","33.83","1"
"22163","3.38","1"
"22164","37.03","1"
"22165","8.99","1"
"22172","6.17","1"
"22180","14.9","1"
"22181","60.2","1"
"22182","464.22","1"
"22183","11.32","1"
"22185","49","1"
"22187","99.67","1"
"22191","21.57","1"
"22197","24.18","1"
"22203","6.27","1"
"22210","74.16","1"
"22213","37.79","1"
"22224","6.88","1"
"22237","57.54","1"
"22238","33.37","1"
"22242","65.51","1"
"22243","172.83","1"
"22244","67.13","1"
"22251","4.15","1"
"22256","9.16","1"
"22265","61.1","1"
"22287","18.12","1"
"22293","6.36","0"
"22302","6.35","1"
"22306","2.44","1"
"22307","39.28","1"
"22308","25.77","1"
"22309","3.1","1"
"22310","43.88","1"
"22311","124.11","1"
"22313","6.06","1"
"22314","63.56","1"
"22320","23.22","1"
"22332","0.6","1"
"22334","5.33","1"
"22344","37.54","1"
"22346","3.27","1"
"22349","0.33","0"
"22361","147.43","1"
"22372","49.61","1"
"22379","4.24","1"
"22408","21.59","1"
"22409","2.26","1"
"22410","4.54","1"
"22421","13.31","1"
"22425","203.53","1"
"22426","280.81","1"
"22430","23.56","1"
"22443","41.97","1"
"22445","2","1"
"22446","89.31","1"
"22454","17.2","1"
"22456","22.91","1"
"22464","20.85","1"
"22465","0.86","1"
"22472","4.58","1"
"22483","19.71","1"
"22484","0.43","1"
"22485","1.57","1"
"22497","141.91","1"
"22501","41.86","1"
"22513","151.75","1"
"22522","1.72","1"
"22524","4.64","1"
"22525","26.68","1"
"22545","49.76","1"
"22551","8.71","1"
"22567","3.77","1"
"22569","7.95","1"
"22571","11.26","1"
"22575","1.99","1"
"22582","42.57","1"
"22588","1.73","1"
"22591","5.95","1"
"22599","828.11","1"
"22603","9.29","1"
"22604","14.35","1"
"22615","518.85","1"
"22616","120.87","1"
"22619","12.93","1"
"22622","11.71","1"
"22623","10.11","1"
"22625","11.05","1"
"22631","3.1","1"
"22638","1.24","0"
"22644","67.59","1"
"22645","50.87","1"
"22646","17.92","1"
"22647","25.15","1"
"22655","32.34","1"
"22660","44.55","1"
"22661","521.9","1"
"22662","83.57","1"
"22665","30.13","1"
"22670","8","1"
"22676","25.71","1"
"22683","16.87","1"
"22685","76.35","1"
"22695","37.98","1"
"22707","44.91","1"
"22717","47.7","1"
"22720","17.04","1"
"22722","8.83","1"
"22723","45.68","1"
"22724","68.53","1"
"22732","20.92","1"
"22745","12","1"
"22746","158.34","1"
"22750","64.27","1"
"22757","48.71","1"
"22761","8.24","1"
"22762","252.53","1"
"22766","200.84","1"
"22767","71.01","1"
"22774","67.88","1"
"22776","53.89","1"
"22777","14.69","1"
"22780","9.31","1"
"22783","7.44","1"
"22787","16.93","1"
"22789","15.99","1"
"22799","71.67","1"
"22805","53.37","1"
"22811","48.26","1"
"22818","18.91","1"
"22819","43.41","1"
"22823","15.57","1"
"22827","45.59","1"
"22829","16.8","1"
"22830","48.99","1"
"22831","9.45","1"
"22837","20.92","1"
"22840","72.24","1"
"22857","34.32","1"
"22867","19.79","1"
"22868","33.03","1"
"22869","11.82","1"
"22884","4.25","1"
"22895","33.15","1"
"22896","19.81","0"
"22903","6.74","1"
"22904","47.74","0"
"22906","20.72","1"
"22910","27.96","0"
"22917","60.58","0"
"22929","61.8","0"
"22931","59.17","0"
"22940","72.11","0"
"22941","155.2","0"
"22948","13.88","0"
"22951","1.63","0"
"22952","71.55","0"
"22955","26.07","0"
"22957","49.33","0"
"22960","18.87","0"
"22967","49.34","0"
"22969","0.99","0"
"22981","3.01","0"
"22987","26.56","0"
"22988","38.71","0"
"22989","14.87","0"
"22990","9.28","0"
"22991","28.67","0"
"22992","109.72","0"
"22998","3","0"
"23006","39.86","0"
"23008","47.73","0"
"23009","12.28","0"
"23011","24.57","0"
"23013","11.69","0"
"23017","29.48","0"
"23018","26.93","0"
"23021","267.97","0"
"23023","24.85","0"
"23024","17.92","0"
"23025","198.02","0"
"23028","98.28","0"
"23030","24.42","0"
"23034","19.63","0"
"23037","26.29","0"
"23038","1.73","0"
"23040","33.66","0"
"23045","26.64","0"
"23048","5.74","0"
"23055","35.48","0"
"23056","57.47","0"
"23057","7.03","0"
"23058","63.47","0"
"23059","22.8","0"
"23062","12.74","0"
"23064","26.72","0"
"23065","8.95","0"
"23066","9.44","0"
"23067","37.87","0"
"23068","11.11","0"
"23070","13.79","0"
"23076","46.56","0"
"23077","16.57","0"
"23081","152.45","0"
"23082","32.06","0"
"23083","45.86","0"
"23085","24.87","0"
"23088","9.1","0"
"23091","18.84","0"
"23097","11.53","0"
"23102","8.61","0"
"23104","49.62","0"
"23105","17.67","0"
"23106","2.18","0"
"23112","19.17","0"
"23113","29.39","0"
"23115","107.15","0"
"23117","15.69","0"
"23118","9.64","0"
"23125","14.5","0"
"23127","3.22","0"
"23130","35.4","0"
"23132","36.95","0"
"23134","7.85","0"
"23145","10.88","0"
"23146","30.13","0"
"23148","19.04","0"
"23153","14.38","0"
"23155","7.48","0"
"23156","50.72","0"
"23158","4.99","0"
"23159","9","0"
"23160","150.63","0"
"23161","52.6","0"
"23162","17.34","0"
"23165","37.13","0"
"23167","433.56","0"
"23169","11.67","0"
"23170","13.55","0"
"23172","9.95","0"
"23178","59.27","0"
"23181","9.63","0"
"23182","9.61","0"
"23189","55.26","0"
"23191","3.8","0"
"23193","2.57","0"
"23197","10.05","0"
"23198","4.17","0"
"23200","5.53","0"
"23204","4.19","0"
"23207","21.14","0"
"23211","24.62","0"
"23212","22.41","0"
"23213","1.06","0"
"23219","7.54","0"
"23224","18.24","0"
"23231","21.04","0"
"23233","11.9","0"
"23238","6.85","0"
"23239","38.02","0"
"23240","24.56","0"
"23242","16.49","0"
"23243","18.61","0"
"23245","2.34","0"
"23246","2.45","0"
"23247","15.72","0"
"23250","9.44","0"
"23260","3.08","0"
"23262","16.15","0"
"23263","7.05","0"
"23265","68.36","0"
"23267","32.33","0"
"23272","0.65","0"
"23273","9.27","0"
"23275","20.93","0"
"23278","220.4","0"
"23285","23.61","0"
"23288","3.01","0"
"23289","11.96","0"
"23291","9.86","0"
"23299","39.41","0"
"23300","26.12","0"
"23301","25.38","0"
"23302","78.3","0"
"23309","6.48","0"
"23310","2.81","0"
"23312","8.99","0"
"23313","2.31","0"
"23314","15.45","0"
"23317","17.49","0"
"23321","1.53","0"
"23328","34.92","0"
"23329","14.03","0"
"23330","23.61","0"
"23340","1.89","0"
"23342","67.85","0"
"23343","12.6","0"
"23347","10.69","0"
"23348","45.36","0"
"23349","17.24","0"
"23350","28.7","0"
"23355","35.53","0"
"23363","4.38","0"
"23364","31.24","0"
"23365","35.33","0"
"23367","13.7","0"
"23373","45.84","0"
"23376","10.74","0"
"23377","95.8","0"
"23379","8.65","0"
"23382","56.57","0"
"23384","32.7","0"
"23385","11.06","0"
"23386","20.18","0"
"23387","95.38","0"
"23392","67.41","0"
"23395","16.09","0"
"23397","356.51","0"
"23400","1.08","0"
"23401","128.92","0"
"23416","7.51","0"
"23417","43.02","0"
"23418","50.38","0"
"23424","18.16","0"
"23429","0.71","0"
"23431","2.51","0"
"23432","8.99","0"
"23434","18.44","0"
"23435","29.98","0"
"23436","3.83","0"
"23440","42.39","0"
"23446","2.77","0"
"23449","98.64","0"
"23451","44.65","0"
"23457","34.8","0"
"23462","184.01","0"
"23465","11.88","0"
"23466","43.47","0"
"23467","4.64","0"
"23469","12.76","0"
"23471","14.08","0"
"23477","15.53","0"
"23484","2.76","0"
"23487","8.6","0"
"23497","13.51","0"
"23499","1.63","0"
"23501","6.21","0"
"23509","20.31","0"
"23511","10","0"
"23512","10.11","0"
"23514","4.12","0"
"23519","8.73","0"
"23520","1.1","0"
"23524","3.45","0"
"23525","26.79","0"
"23533","12.03","0"
"23537","123.66","0"
"23541","7.59","0"
"23543","11.35","0"
"23549","22.08","0"
"23560","5.42","0"
"23564","1.35","0"
"23565","405.25","0"
"23567","147.9","0"
"23573","110.03","0"
"23577","67.66","0"
"23579","31.1","0"
"23580","31.72","0"
"23581","12.45","0"
"23583","2.56","0"
"23585","17.63","0"
"23591","18.11","0"
"23595","51.21","0"
"23597","0.27","0"
"23608","5.47","0"
"23614","46.43","0"
"23616","40.02","0"
"23617","49.89","0"
"23622","6.97","0"
"23626","48.36","0"
"23629","105.96","0"
"23638","35.69","0"
"23641","10.76","0"
"23644","14.31","0"
"23650","6.39","0"
"23652","5.81","0"
"23653","14.58","0"
"23660","26.35","0"
"23661","3.73","0"
"23664","16.83","0"
"23669","23.81","0"
"23670","136.44","0"
"23672","6.87","0"
"23673","8.91","0"
"23674","75.06","0"
"23678","5.81","0"
"23682","29.06","0"
"23689","30.18","0"
"23692","110.99","0"
"23695","7.07","0"
"23703","37.09","0"
"23704","29.61","0"
"23710","8.04","0"
"23711","36.32","0"
"23715","7.21","0"
"23729","35.71","0"
"23731","14.54","0"
"23737","44.04","0"
"23742","14.67","0"
"23744","14.25","0"
"23758","1.23","0"
"23759","19.79","0"
"23777","43.23","0"
"23779","7.67","0"
"23782","1.35","0"
"23784","1.06","0"
"23785","10.25","0"
"23793","17.18","0"
"23795","22.65","0"
"23799","12.07","0"
"23801","17.4","0"
"23808","88.94","0"
"23811","17.87","0"
"23813","89.62","0"
"23814","19.61","0"
"23815","10.98","0"
"23816","22.65","0"
"23823","12.02","0"
"23826","1.6","0"
"23838","29.58","0"
"23850","93.22","0"
"23855","85.49","0"
"23856","73.57","0"
"23858","22.54","0"
"23861","6.86","0"
"23862","20.93","0"
"23868","3.47","0"
"23869","5.16","0"
"23872","1.23","0"
"23875","2.34","0"
"23877","6.68","0"
"23896","12.74","0"
"23905","42.71","0"
"23911","77.31","0"
"23914","8.42","0"
"23920","20.82","0"
"23923","50.32","0"
"23929","12.67","0"
"23930","11.64","0"
"23940","15.69","0"
"23944","70.04","0"
"23945","5.46","0"
"23948","6.09","0"
"23951","36.96","0"
"23952","18.62","0"
"23953","48.74","0"
"23955","33.71","0"
"23956","13.7","0"
"23959","16.9","0"
"23961","22.55","0"
"23963","18.24","0"
"23966","38.11","0"
"23969","28.89","0"
"23978","24.68","0"
"23980","2.57","0"
"23984","12.27","0"
"23985","1.27","0"
"23993","21.57","0"
"23996","51.58","0"
"24004","4.59","0"
"24013","3.65","0"
"24014","13.18","0"
"24019","45.91","0"
"24020","86.25","0"
"24021","70.02","0"
"24024","20.62","0"
"24030","14.77","0"
"24036","22.12","0"
"24038","39.58","0"
"24040","45.37","0"
"24041","1.45","0"
"24044","11.68","0"
"24046","20.49","0"
"24054","12.62","0"
"24056","1078.93","0"
"24058","47.38","0"
"24062","30","0"
"24065","10.81","0"
"24070","37.24","0"
"24078","1.13","0"
"24081","3.54","0"
"24082","4.72","0"
"24083","206.22","0"
"24084","1.74","0"
"24088","19.37","0"
"24091","58.46","0"
"24092","7.69","0"
"24094","59.42","0"
"24097","17.29","0"
"24106","24.39","0"
"24108","75.14","0"
"24111","8.06","0"
"24116","2.15","0"
"24117","7.47","0"
"24118","47.57","0"
"24119","20.98","0"
"24120","2.02","0"
"24124","6.92","0"
"24134","78.14","0"
"24135","41.37","0"
"24137","14.52","0"
"24138","12.97","0"
"24141","34.05","0"
"24142","3.56","0"
"24145","19.96","0"
"24150","6.42","0"
"24152","12.35","0"
"24153","18.42","0"
"24155","15.3","0"
"24156","38.72","0"
"24158","21.51","0"
"24160","4.33","0"
"24163","15.78","0"
"24164","1.81","0"
"24165","64.34","0"
"24166","3.44","0"
"24167","64.77","0"
"24170","63.24","0"
"24174","12.64","0"
"24175","30.26","0"
"24176","7.44","0"
"24181","11.86","0"
"24182","29.07","0"
"24189","18.29","0"
"24192","1.84","0"
"24197","3.66","0"
"24201","13.31","0"
"24209","26.98","0"
"24210","36.45","0"
"24211","10.92","0"
"24213","5.1","0"
"24214","17.08","0"
"24215","140.21","0"
"24216","11.18","0"
"24220","7.94","0"
"24235","11.79","0"
"24241","19.29","0"
"24242","12.01","0"
"24248","15.08","0"
"24269","10.5","0"
"24273","7.85","0"
"24274","14.01","0"
"24277","23.81","0"
"24282","1.07","0"
"24287","5.9","0"
"24290","15.62","0"
"24291","30.33","0"
"24295","24.89","0"
"24305","4.46","0"
"24306","7","0"
"24307","24.48","0"
"24311","69.62","0"
"24312","23.94","0"
"24313","21.37","0"
"24314","47.55","0"
"24318","12.14","0"
"24320","30.18","0"
"24321","12.9","0"
"24322","132.02","0"
"24324","25.1","0"
"24325","28.39","0"
"24326","17.63","0"
"24331","16.06","0"
"24335","48.32","0"
"24336","26.79","0"
"24337","2.5","0"
"24343","16.52","0"
"24345","37.25","0"
"24348","20.36","0"
"24349","153.64","0"
"24351","27.89","0"
"24352","22.27","0"
"24361","23.47","0"
"24363","1.14","0"
"24364","24.95","0"
"24368","7.87","0"
"24369","145.23","0"
"24370","8.86","0"
"24371","1.18","0"
"24373","29.47","0"
"24374","29.97","0"
"24377","36.94","0"
"24380","141.95","0"
"24383","6.02","0"
"24385","2.37","0"
"24387","23.02","0"
"24391","15.18","0"
"24392","69.16","0"
"24395","25.74","0"
"24398","3.07","0"
"24400","104.38","0"
"24402","29.77","0"
"24403","88.6","0"
"24404","39.96","0"
"24407","36.84","0"
"24408","12.5","0"
"24414","17","0"
"24416","58.07","0"
"24419","11.92","0"
"24422","23.16","0"
"24427","26.44","0"
"24429","11.52","0"
"24432","5.45","0"
"24433","4.5","0"
"24434","11.56","0"
"24435","10.15","0"
"24438","6.79","0"
"24443","104.17","0"
"24444","8.83","0"
"24445","3.11","0"
"24455","15.23","0"
"24457","10.03","0"
"24461","19.45","0"
"24462","22.28","0"
"24466","76.38","0"
"24469","1.38","0"
"24472","1.18","0"
"24475","27.53","0"
"24478","19.95","0"
"24485","9.83","0"
"24487","8.46","0"
"24488","18.2","0"
"24490","17.76","0"
"24493","25.34","0"
"24497","4.34","0"
"24500","17.54","0"
"24502","34.3","0"
"24503","9.95","0"
"24504","22.84","0"
"24506","3.13","0"
"24508","63.06","0"
"24514","19.58","0"
"24515","12.44","0"
"24517","5.98","0"
"24519","7.07","0"
"24520","31.96","0"
"24525","18.09","0"
"24526","79.51","0"
"24527","58.83","0"
"24528","1","0"
"24530","79.92","0"
"24531","14.44","0"
"24540","2.27","0"
"24548","1.09","0"
"24550","1.73","0"
"24551","5.23","0"
"24558","24.62","0"
"24559","9.51","0"
"24568","43.11","0"
"24570","92.69","0"
"24573","15.77","0"
"24574","15.17","0"
"24575","7.58","0"
"24583","12.07","0"
"24584","54.64","0"
"24588","4.09","0"
"24598","14.81","0"
"24599","66.26","0"
"24601","19.89","0"
"24605","8.32","0"
"24612","6.84","0"
"24615","34.81","0"
"24621","10.38","0"
"24622","5.94","0"
"24623","30.16","0"
"24625","21.65","0"
"24626","50.43","0"
"24627","9.03","0"
"24633","21.24","0"
"24638","14.09","0"
"24639","47.37","0"
"24640","2.57","0"
"24641","170.55","0"
"24642","57.74","0"
"24644","4.55","0"
"24649","134.51","0"
"24652","1.29","0"
"24654","24.28","0"
"24655","5.97","0"
"24656","32.66","0"
"24661","17.25","0"
"24665","14.32","0"
"24666","45.38","0"
"24669","29","0"
"24670","47.66","0"
"24672","6.19","0"
"24673","88.16","0"
"24675","5.92","0"
"24682","6.56","0"
"24685","14.26","0"
"24687","4.7","0"
"24688","11.08","0"
"24692","29.34","0"
"24693","6.47","0"
"24694","46.92","0"
"24695","23.18","0"
"24702","57.3","0"
"24704","34.37","0"
"24705","28.11","0"
"24707","2.03","0"
"24708","15.42","0"
"24710","10.68","0"
"24711","13.2","0"
"24718","57.06","0"
"24719","47.54","0"
"24723","2.86","0"
"24729","13.16","0"
"24732","33.01","0"
"24734","18.47","0"
"24738","10.07","0"
"24740","10.9","0"
"24742","19.06","0"
"24751","11","0"
"24752","6.29","0"
"24754","4.7","0"
"24755","113.61","0"
"24757","13.85","0"
"24760","1.28","0"
"24763","1.73","0"
"24770","10.8","0"
"24772","4.93","0"
"24775","5.73","0"
"24781","40.06","0"
"24789","6.6","0"
"24790","6.96","0"
"24792","110.88","0"
"24794","17.36","0"
"24795","7.96","0"
"24801","43.63","0"
"24813","17.64","0"
"24814","133.21","0"
"24817","34.03","0"
"24819","5.79","0"
"24820","25.19","0"
"24824","20.12","0"
"24826","63.11","0"
"24828","12.87","0"
"24829","17.98","0"
"24833","10.71","0"
"24835","48.52","0"
"24836","36.05","0"
"24837","55.68","0"
"24840","4","0"
"24846","48.9","0"
"24850","33.3","0"
"24854","8.64","0"
"24856","8.81","0"
"24861","0.49","0"
"24862","97.1","0"
"24872","11.71","0"
"24875","4.21","0"
"24897","37.93","0"
"24899","22.26","0"
"24905","1.02","0"
"24906","9.05","0"
"24907","6.51","0"
"24925","100.91","0"
"24929","70.12","0"
"24933","63.37","0"
"24939","14.65","0"
"24944","3.45","0"
"24948","52.01","0"
"24957","49.38","0"
"24958","4.99","0"
"24963","24.51","0"
"24965","26.64","0"
"24969","4.72","0"
"24979","2.43","0"
"24984","62.57","0"
"25001","15.01","0"
"25002","29.33","0"
"25008","9.92","0"
"25015","4.48","0"
"25020","175.23","0"
"25025","26.91","0"
"25029","12.71","0"
"25036","11.99","0"
"25058","3.06","0"
"25059","5.94","0"
"25072","90.13","0"
"25090","11.18","0"
"25096","11.5","0"
"25099","0.7","0"
"25110","3.31","0"
"25116","28.07","0"
"25117","43.15","0"
"25118","4.66","0"
"25119","92.68","0"
"25122","1.18","0"
"25124","147.41","0"
"25128","4.04","0"
"25133","50.11","0"
"25137","2.84","0"
"25150","674.53","0"
"25152","127.91","0"
"25167","68.6","0"
"25170","306.69","0"
"25174","18.84","0"
"25175","11.71","0"
"25178","9.31","0"
"25204","82.1","0"
"25211","26.21","0"
"25212","6.44","0"
"25224","0.28","0"
"25225","13.17","0"
"25233","13.02","0"
"25249","106.84","0"
"25250","72.91","0"
"25251","202.55","0"
"25252","194.76","0"
"25253","60.52","0"
"25260","194.86","0"
"25262","17.03","0"
"25266","55.94","0"
"25270","23.06","0"
"25273","2.81","0"
"25275","40.31","0"
"25278","9.84","0"
"25280","11.42","0"
"25281","7.65","0"
"25291","6.27","0"
"25292","15.11","0"
"25293","3.27","0"
"25294","30.02","0"
"25295","25.5","0"
"25297","44.1","0"
"25298","51.86","0"
"25299","12.1","0"
"25301","49.04","0"
"25302","31.03","0"
"25304","35.11","0"
"25305","9.5","0"
"25307","12.82","0"
"25321","23.8","0"
"25322","8.76","0"
"25330","10.97","0"
"25331","53.95","0"
"25333","52.35","0"
"25338","65.65","0"
"25339","74","0"
"25340","27.26","0"
"25343","28.33","0"
"25344","3.77","0"
"25345","5.68","0"
"25347","120.73","0"
"25349","11.11","0"
"25350","27.89","0"
"25351","227.96","0"
"25353","56.25","0"
"25354","23.79","0"
"25359","7.54","0"
"25360","2.87","0"
"25361","31.88","0"
"25364","7.55","0"
"25365","58.54","0"
"25366","2.25","0"
"25368","11.32","0"
"25370","7.54","0"
"25372","0.16","0"
"25374","37.94","0"
"25376","63.13","0"
"25380","36.54","0"
"25382","76.39","0"
"25383","0.39","0"
"25386","5.35","0"
"25391","7.57","0"
"25392","4.5","0"
"25395","14.31","0"
"25396","1.07","0"
"25397","2.7","0"
"25398","6.54","0"
"25399","82.3","0"
"25401","21.69","0"
"25403","156.17","0"
"25404","9.94","0"
"25405","10.86","0"
"25407","11.06","0"
"25409","98.41","0"
"25410","5.04","0"
"25413","18.49","0"
"25414","11.9","0"
"25415","21.53","0"
"25418","53.87","0"
"25422","45.87","0"
"25425","30.65","0"
"25426","0.85","0"
"25428","13.21","0"
"25429","12.31","0"
"25430","48.15","0"
"25431","13.12","0"
"25432","4.44","0"
"25433","35.5","0"
"25435","6.46","0"
"25437","13.02","0"
"25438","28.75","0"
"25439","13.22","0"
"25440","482.21","0"
"25441","8.07","0"
"25442","0.45","0"
"25443","48.94","0"
"25444","18.17","0"
"25450","2.02","0"
"25451","21.48","0"
"25452","6","0"
"25453","15.6","0"
"25454","3.64","0"
"25455","20.21","0"
"25459","25.27","0"
"25460","3.28","0"
"25462","130.91","0"
"25463","0.56","0"
"25468","25.79","0"
"25469","33.98","0"
"25470","79.89","0"
"25471","9.45","0"
"25474","13.56","0"
"25475","6.13","0"
"25477","16.14","0"
"25478","31.97","0"
"25479","31.98","0"
"25480","5.79","0"
"25483","38.84","0"
"25485","2","0"
"25486","35.21","0"
"25489","8.69","0"
"25490","2.07","0"
"25497","34.67","0"
"25498","108.71","0"
"25500","12.46","0"
"25501","2.01","0"
"25502","5.56","0"
"25503","4.8","0"
"25504","38.07","0"
"25507","1.54","0"
"25508","6.17","0"
"25509","19.5","0"
"25510","7.21","0"
"25511","6.53","0"
"25512","42.06","0"
"25513","75.63","0"
"25514","1.22","0"
"25518","3.74","0"
"25519","3.85","0"
"25520","7.64","0"
"25521","32.09","0"
"25522","5.8","0"
"25523","18.41","0"
"25524","15.37","0"
"25527","40.69","0"
"25530","20.13","0"
"25533","34.14","0"
"25534","14.19","0"
"25535","0.37","0"
"25536","101.71","0"
"25539","76.12","0"
"25540","80.36","0"
"25542","2.39","0"
"25544","0.59","0"
"25546","25.2","0"
"25556","30.38","0"
"25559","27.22","0"
"25562","9.03","0"
"25564","20.87","0"
"25565","175.19","0"
"25566","41.19","0"
"25568","19.35","0"
"25569","22.97","0"
"25574","55.22","0"
"25575","45.34","0"
"25578","40.24","0"
"25579","51.43","0"
"25581","22.05","0"
"25582","10.21","0"
"25583","2.98","0"
"25584","43.54","0"
"25585","16.78","0"
"25586","3.6","0"
"25589","1.22","0"
"25590","6.64","0"
"25591","11.26","0"
"25595","0.53","0"
"25596","4.08","0"
"25601","0.72","0"
"25602","251.46","0"
"25608","45.48","0"
"25609","13.03","0"
"25610","22.58","0"
"25613","2.06","0"
"25621","2.53","0"
"25622","6.33","0"
"25626","1.24","0"
"25628","3.07","0"
"25630","39.66","0"
"25631","7.04","0"
"25636","14.47","0"
"25637","10.36","0"
"25638","28.07","0"
"25639","29.5","0"
"25640","0.76","0"
"25641","12.8","0"
"25642","13.65","0"
"25644","10.62","0"
"25646","16.42","0"
"25647","23.9","0"
"25648","20.35","0"
"25649","309.92","0"
"25650","31.5","0"
"25654","29.13","0"
"25655","18.28","0"
"25656","22.07","0"
"25657","12.39","0"
"25658","33.99","0"
"25659","3.71","0"
"25660","0.98","0"
"25661","1.04","0"
"25662","0.27","0"
"25663","8.52","0"
"25664","141.41","0"
"25667","29.65","0"
"25668","3.28","0"
"25670","235.81","0"
"25671","4.72","0"
"25673","35.27","0"
"25674","7","0"
"25675","21.49","0"
"25676","65.5","0"
"25678","5.37","0"
"25684","2.05","0"
"25688","95.08","0"
"25690","41.39","0"
"25692","110.61","0"
"25695","61.16","0"
"25698","26.34","0"
"25699","18.32","0"
"25701","25.29","0"
"25703","9.94","0"
"25710","6.83","0"
"25711","15.85","0"
"25715","12.47","0"
"25717","4.28","0"
"25720","11.08","0"
"25730","1.43","0"
"25731","3.71","0"
"25733","7.24","0"
"25734","25.41","0"
"25735","27.99","0"
"25736","5.05","0"
"25737","5.05","0"
"25740","8.94","0"
"25741","2.47","0"
"25748","9.89","0"
"25758","0.9","0"
"25762","1.19","0"
"25764","11.55","0"
"25769","3.86","0"
"25771","5.82","0"
"25774","17.92","0"
"25775","26.18","0"
"25782","21.27","0"
"25783","3.47","0"
"25784","2.18","0"
"25785","10.47","0"
"25787","22.36","0"
"25791","14.72","0"
"25793","2.36","0"
"25794","2.83","0"
"25795","4.42","0"
"25796","1.25","0"
"25797","1.83","0"
"25798","2.21","0"
"25799","3.65","0"
"25800","2.54","0"
"25801","3.66","0"
"25803","4.2","0"
"25806","1.43","0"
"25807","15.62","0"
"25809","5.65","0"
"25810","3.97","0"
"25811","5.51","0"
"25812","16.85","0"
"25814","5.71","0"
"25815","3.4","0"
"25816","11.62","0"
"25817","17.26","0"
"25818","1.41","0"
"25819","37.8","0"
"25823","44.45","0"
"25832","7.11","0"
"25833","25.09","0"
"25839","7.43","0"
"25841","7.39","0"
"25846","22.88","0"
"25849","52.92","0"
"25850","15.4","0"
"25854","26.89","0"
"25862","17.25","0"
"25863","3.98","0"
"25864","16.86","0"
"25865","8.53","0"
"25866","0.62","0"
"25867","9.65","0"
"25869","2.02","0"
"25870","35.78","0"
"25872","1.65","0"
"25878","1.55","0"
"25879","28.45","0"
"25880","263.15","0"
"25881","32.28","0"
"25883","5.98","0"
"25884","19.67","0"
"25885","3.76","0"
"25886","13.33","0"
"25891","3.23","0"
"25895","2.5","0"
"25897","2.55","0"
"25899","2.43","0"
"25900","2.6","0"
"25901","6.45","0"
"25905","1.56","0"
"25908","4.86","0"
"25914","2.74","0"
"25918","9.26","0"
"25921","1.83","0"
"25924","1.44","0"
"25930","6.97","0"
"25931","11.5","0"
